,pH,Temprature,Colour,Taste,Odor,Fat ,Turbidity,Grade
0,-0.021531358512316825,-0.9141073441631437,0.5016001994273339,1,0,1,0,1.0
1,-0.021531358512316825,-0.8150346108227722,0.26933320721327764,0,1,0,1,1.0
2,1.3365641418836802,2.553438322749856,-1.3565357382851158,1,1,1,1,0.0
3,2.051351247355257,-1.0131800775035151,0.73386719164139,1,1,0,1,0.0
4,-0.021531358512316825,-0.7159618774824008,0.73386719164139,0,0,0,0,0.5
5,-0.021531358512316825,-0.7159618774824008,0.73386719164139,1,1,1,1,1.0
6,-0.8077971745310515,0.07661998924057052,-0.4274677694288909,1,0,1,1,0.0
7,-1.5225842800026286,1.5627109893461417,-0.4274677694288909,0,1,1,1,0.0
8,1.0506492996950492,2.1571473893883706,0.73386719164139,1,0,1,1,0.0
9,0.049947352034841276,0.07661998924057052,-1.1242687460710596,1,1,0,0,0.5
10,0.049947352034841276,0.07661998924057052,-1.5888027304991719,1,1,1,0,0.5
11,-0.7363184639838941,0.5719836559424276,0.73386719164139,0,1,1,1,0.0
12,1.4080428524308377,1.0673473226442847,0.73386719164139,0,1,1,1,0.0
13,0.5502983258649454,4.534892989557284,0.73386719164139,1,0,1,1,0.0
14,0.12142606258199874,0.07661998924057052,0.73386719164139,0,1,1,1,1.0
15,-0.0930100690594743,-0.6168891441420293,0.73386719164139,1,0,0,0,0.5
16,-1.3796268589083132,-0.6168891441420293,0.73386719164139,1,0,1,0,0.0
17,-2.5947649382099947,-0.4187436774612866,0.73386719164139,1,1,1,1,0.0
18,1.693957694619469,-0.12152547744017231,-0.4274677694288909,1,0,1,1,0.0
19,0.12142606258199874,-0.4187436774612866,-1.5888027304991719,1,0,1,0,0.5
20,-0.021531358512316825,0.07661998924057052,-0.4274677694288909,0,1,1,1,1.0
21,-0.0930100690594743,-0.8150346108227722,0.73386719164139,0,0,1,0,0.5
22,-1.5225842800026286,-0.6168891441420293,0.73386719164139,0,1,1,1,0.0
23,-0.021531358512316825,0.07661998924057052,-1.5888027304991719,1,1,1,1,1.0
24,0.12142606258199874,-0.9141073441631437,-1.3565357382851158,1,0,1,0,0.5
25,-0.0930100690594743,-0.8150346108227722,0.26933320721327764,0,1,1,0,1.0
26,1.3365641418836802,2.553438322749856,-1.3565357382851158,0,0,0,0,0.0
27,-0.021531358512316825,-1.0131800775035151,-2.750137691569453,0,0,0,1,0.5
28,-0.0930100690594743,-0.7159618774824008,-1.5888027304991719,0,0,0,0,0.5
29,-0.021531358512316825,-0.7159618774824008,0.73386719164139,1,0,1,0,1.0
30,-0.16448877960663175,0.07661998924057052,-2.750137691569453,0,1,0,0,0.5
31,-0.0930100690594743,-0.4187436774612866,-0.4274677694288909,0,1,0,1,0.0
32,0.12142606258199874,-0.22059821078054373,0.73386719164139,1,1,1,1,1.0
33,0.049947352034841276,-0.3196709441209152,-1.1242687460710596,1,0,0,0,0.5
34,0.049947352034841276,0.5719836559424276,-1.5888027304991719,1,1,1,0,0.0
35,0.12142606258199874,0.07661998924057052,0.73386719164139,0,1,1,1,1.0
36,1.4080428524308377,1.0673473226442847,0.73386719164139,0,1,0,0,0.0
37,0.5502983258649454,2.058074656047999,0.73386719164139,0,0,0,0,0.0
38,0.12142606258199874,-0.3196709441209152,0.73386719164139,0,0,0,0,0.5
39,-0.0930100690594743,-0.6168891441420293,0.73386719164139,1,1,1,1,1.0
40,0.12142606258199874,-0.6168891441420293,0.73386719164139,0,0,0,0,0.5
41,-2.5947649382099947,-0.4187436774612866,0.73386719164139,1,0,0,0,0.0
42,1.693957694619469,-0.12152547744017231,-0.8920017538570032,1,1,1,1,0.0
43,0.12142606258199874,-0.4187436774612866,0.73386719164139,1,1,1,1,1.0
44,-0.021531358512316825,0.07661998924057052,-0.4274677694288909,0,0,0,1,0.5
45,-0.0930100690594743,-0.8150346108227722,-1.1242687460710596,0,0,0,0,0.5
46,-0.021531358512316825,-0.6168891441420293,0.73386719164139,0,0,0,0,0.5
47,0.12142606258199874,0.07661998924057052,-1.5888027304991719,1,1,1,0,1.0
48,2.051351247355257,-1.0131800775035151,0.73386719164139,1,1,0,1,0.0
49,-0.0930100690594743,-0.7159618774824008,0.73386719164139,0,0,0,0,0.5
50,-0.021531358512316825,-0.7159618774824008,0.73386719164139,1,1,1,1,1.0
51,-0.8077971745310515,0.07661998924057052,-0.4274677694288909,1,0,1,1,0.0
52,-1.5225842800026286,1.5627109893461417,-0.4274677694288909,0,1,1,1,0.0
53,1.0506492996950492,2.1571473893883706,0.73386719164139,1,0,1,1,0.0
54,0.049947352034841276,0.07661998924057052,-1.1242687460710596,1,1,0,0,0.5
55,0.049947352034841276,0.07661998924057052,-1.5888027304991719,1,1,1,0,0.5
56,-0.7363184639838941,0.5719836559424276,0.73386719164139,0,1,1,1,0.0
57,1.4080428524308377,1.0673473226442847,0.73386719164139,0,1,1,1,0.0
58,0.5502983258649454,4.534892989557284,0.73386719164139,1,0,1,1,0.0
59,0.12142606258199874,0.07661998924057052,0.73386719164139,0,0,1,0,0.5
60,-0.0930100690594743,-0.6168891441420293,0.73386719164139,1,0,1,0,0.5
61,0.049947352034841276,-0.6168891441420293,0.73386719164139,1,0,1,0,1.0
62,-2.5947649382099947,-0.4187436774612866,0.73386719164139,1,1,1,1,0.0
63,1.693957694619469,-0.12152547744017231,-0.4274677694288909,1,0,1,1,0.0
64,1.4080428524308377,1.0673473226442847,0.73386719164139,0,1,1,1,0.0
65,0.12142606258199874,0.07661998924057052,0.73386719164139,0,0,0,1,0.5
66,0.12142606258199874,0.07661998924057052,0.73386719164139,0,1,1,1,1.0
67,-0.0930100690594743,-0.6168891441420293,0.73386719164139,1,0,0,0,0.5
68,-1.3796268589083132,-0.6168891441420293,0.73386719164139,1,0,1,0,0.0
69,-2.5947649382099947,-0.4187436774612866,0.73386719164139,1,1,1,1,0.0
70,1.693957694619469,-0.12152547744017231,-0.4274677694288909,1,0,1,1,0.0
71,0.12142606258199874,-0.4187436774612866,-1.5888027304991719,1,0,1,0,0.5
72,-0.021531358512316825,0.07661998924057052,-0.4274677694288909,0,1,1,1,1.0
73,-0.0930100690594743,-0.8150346108227722,0.73386719164139,0,0,1,0,0.5
74,-1.5225842800026286,-0.6168891441420293,0.73386719164139,0,1,1,1,0.0
75,0.12142606258199874,0.07661998924057052,-1.5888027304991719,1,1,1,1,1.0
76,-0.0930100690594743,-0.9141073441631437,-1.3565357382851158,1,0,1,0,0.5
77,0.12142606258199874,-0.8150346108227722,0.26933320721327764,0,1,1,0,1.0
78,1.3365641418836802,2.553438322749856,-1.3565357382851158,0,0,0,0,0.0
79,0.12142606258199874,-1.0131800775035151,-2.750137691569453,0,0,0,1,0.5
80,-0.0930100690594743,-0.7159618774824008,-1.5888027304991719,0,0,0,0,0.5
81,-0.021531358512316825,-0.7159618774824008,0.73386719164139,1,0,1,0,1.0
82,0.12142606258199874,0.07661998924057052,-2.750137691569453,0,1,0,0,0.5
83,0.5502983258649454,2.058074656047999,0.73386719164139,0,0,0,0,0.0
84,0.12142606258199874,-0.3196709441209152,0.73386719164139,0,0,1,0,0.5
85,-0.0930100690594743,-0.6168891441420293,0.73386719164139,1,1,1,1,1.0
86,-0.021531358512316825,-0.6168891441420293,0.73386719164139,0,0,0,0,0.5
87,-2.5947649382099947,-0.4187436774612866,0.73386719164139,1,0,0,0,0.0
88,1.693957694619469,-0.12152547744017231,-0.8920017538570032,1,1,1,1,0.0
89,0.12142606258199874,-0.4187436774612866,0.73386719164139,1,1,1,1,1.0
90,-0.021531358512316825,0.5719836559424276,-0.4274677694288909,0,0,0,1,0.0
91,-0.0930100690594743,-0.8150346108227722,-1.1242687460710596,0,0,0,0,0.5
92,-0.021531358512316825,0.5719836559424276,0.73386719164139,0,0,0,0,0.0
93,0.12142606258199874,0.07661998924057052,-1.5888027304991719,1,1,1,0,1.0
94,2.051351247355257,-1.0131800775035151,0.73386719164139,1,1,0,1,0.0
95,-0.0930100690594743,-0.7159618774824008,0.73386719164139,0,0,0,0,0.5
96,2.051351247355257,-1.0131800775035151,0.73386719164139,1,1,0,1,0.0
97,-0.0930100690594743,-0.7159618774824008,0.73386719164139,0,0,0,0,0.5
98,-0.021531358512316825,-0.7159618774824008,0.73386719164139,1,1,1,1,1.0
99,-0.8077971745310515,0.07661998924057052,-0.4274677694288909,1,0,1,1,0.0
100,-1.5225842800026286,1.5627109893461417,-0.4274677694288909,0,1,1,1,0.0
101,1.0506492996950492,2.1571473893883706,0.73386719164139,1,0,1,1,0.0
102,0.049947352034841276,0.07661998924057052,-1.1242687460710596,1,1,0,0,0.5
103,0.049947352034841276,0.07661998924057052,-1.5888027304991719,1,1,1,0,0.5
104,-0.7363184639838941,0.5719836559424276,0.73386719164139,0,1,1,1,0.0
105,-0.021531358512316825,-0.9141073441631437,0.73386719164139,0,1,1,1,1.0
106,0.5502983258649454,4.534892989557284,0.73386719164139,1,0,1,1,0.0
107,0.12142606258199874,0.5719836559424276,0.73386719164139,0,0,1,0,0.0
108,-0.0930100690594743,-0.6168891441420293,0.73386719164139,1,0,1,0,0.5
109,0.049947352034841276,-0.6168891441420293,0.73386719164139,1,0,1,0,1.0
110,-2.5947649382099947,-0.4187436774612866,0.73386719164139,1,1,1,1,0.0
111,-0.021531358512316825,-0.12152547744017231,-0.4274677694288909,1,0,1,1,1.0
112,1.4080428524308377,1.0673473226442847,0.73386719164139,0,1,1,1,0.0
113,0.12142606258199874,0.07661998924057052,0.73386719164139,0,0,0,1,0.5
114,0.12142606258199874,0.07661998924057052,0.73386719164139,0,1,1,1,1.0
115,-0.0930100690594743,-0.6168891441420293,0.73386719164139,1,0,0,0,0.5
116,-0.021531358512316825,-0.6168891441420293,0.73386719164139,1,0,1,0,1.0
117,-2.5947649382099947,-0.4187436774612866,0.73386719164139,1,1,1,1,0.0
118,1.693957694619469,-0.12152547744017231,-0.4274677694288909,1,0,1,1,0.0
119,0.12142606258199874,-0.4187436774612866,-1.5888027304991719,1,0,1,0,0.5
120,-0.021531358512316825,0.07661998924057052,-0.4274677694288909,0,0,0,1,0.5
121,-0.0930100690594743,-0.8150346108227722,0.73386719164139,0,0,1,0,0.5
122,-0.021531358512316825,-0.6168891441420293,0.73386719164139,0,0,1,0,0.5
123,0.12142606258199874,0.07661998924057052,-1.5888027304991719,1,1,1,1,1.0
124,-0.0930100690594743,1.0673473226442847,-1.3565357382851158,1,0,1,0,0.0
125,0.12142606258199874,-0.8150346108227722,0.26933320721327764,0,1,1,0,1.0
126,1.3365641418836802,2.553438322749856,-1.3565357382851158,0,0,0,0,0.0
127,0.12142606258199874,-0.4187436774612866,-1.5888027304991719,1,0,1,0,0.5
128,-0.021531358512316825,0.07661998924057052,-0.4274677694288909,0,1,1,1,1.0
129,-0.0930100690594743,-0.8150346108227722,0.73386719164139,0,0,1,0,0.5
130,-1.5225842800026286,-0.6168891441420293,0.73386719164139,0,1,1,1,0.0
131,0.12142606258199874,0.07661998924057052,-1.5888027304991719,1,1,1,1,1.0
132,-0.0930100690594743,-0.9141073441631437,-1.3565357382851158,1,0,1,0,0.5
133,0.12142606258199874,-0.8150346108227722,0.26933320721327764,0,1,1,0,1.0
134,1.3365641418836802,2.553438322749856,-1.3565357382851158,0,0,0,0,0.0
135,0.12142606258199874,-1.0131800775035151,-2.750137691569453,0,0,0,1,0.5
136,-0.0930100690594743,-0.7159618774824008,-1.5888027304991719,0,0,0,0,0.5
137,-0.021531358512316825,-0.7159618774824008,0.73386719164139,1,0,1,0,1.0
138,0.12142606258199874,0.07661998924057052,-2.750137691569453,0,1,0,0,0.5
139,0.5502983258649454,2.058074656047999,0.73386719164139,0,0,0,0,0.0
140,0.12142606258199874,-0.3196709441209152,0.73386719164139,0,0,1,0,0.5
141,-0.0930100690594743,-0.6168891441420293,0.73386719164139,1,1,1,1,1.0
142,-0.021531358512316825,-0.6168891441420293,0.73386719164139,0,0,0,0,0.5
143,-2.5947649382099947,-0.4187436774612866,0.73386719164139,1,0,0,0,0.0
144,1.693957694619469,-0.12152547744017231,-0.8920017538570032,1,1,1,1,0.0
145,0.12142606258199874,-0.4187436774612866,0.73386719164139,1,1,1,1,1.0
146,-0.021531358512316825,0.5719836559424276,-0.4274677694288909,0,0,0,1,0.0
147,-0.0930100690594743,-0.8150346108227722,-1.1242687460710596,0,0,0,0,0.5
148,-0.021531358512316825,0.5719836559424276,0.73386719164139,0,0,0,0,0.0
149,0.12142606258199874,0.07661998924057052,-1.5888027304991719,1,1,1,0,1.0
150,2.051351247355257,-1.0131800775035151,0.73386719164139,1,1,0,1,0.0
151,-0.0930100690594743,-0.7159618774824008,0.73386719164139,0,0,0,0,0.5
152,2.051351247355257,-1.0131800775035151,0.73386719164139,1,1,0,1,0.0
153,-0.0930100690594743,-0.7159618774824008,0.73386719164139,0,0,0,0,0.5
154,-0.021531358512316825,-0.7159618774824008,0.73386719164139,1,1,1,1,1.0
155,-0.8077971745310515,0.07661998924057052,-0.4274677694288909,1,0,1,1,0.0
156,-1.5225842800026286,1.5627109893461417,-0.4274677694288909,0,1,1,1,0.0
157,1.0506492996950492,2.1571473893883706,0.73386719164139,1,0,1,1,0.0
158,0.049947352034841276,0.07661998924057052,-1.1242687460710596,1,1,0,0,0.5
159,0.049947352034841276,0.07661998924057052,-1.5888027304991719,1,1,1,0,0.5
160,-0.7363184639838941,0.5719836559424276,0.73386719164139,0,1,1,1,0.0
161,-0.021531358512316825,-0.9141073441631437,0.73386719164139,0,1,1,1,1.0
162,0.5502983258649454,4.534892989557284,0.73386719164139,1,0,1,1,0.0
163,0.12142606258199874,0.5719836559424276,0.73386719164139,0,0,1,0,0.0
164,-0.0930100690594743,-0.6168891441420293,0.73386719164139,1,0,1,0,0.5
165,0.049947352034841276,-0.3196709441209152,-1.1242687460710596,1,0,0,0,0.5
166,0.049947352034841276,0.5719836559424276,-1.5888027304991719,1,1,1,0,0.0
167,0.12142606258199874,0.07661998924057052,0.73386719164139,0,1,1,1,1.0
168,1.4080428524308377,1.0673473226442847,0.73386719164139,0,1,0,0,0.0
169,0.5502983258649454,2.058074656047999,0.73386719164139,0,0,0,0,0.0
170,0.12142606258199874,-0.3196709441209152,0.73386719164139,0,0,0,0,0.5
171,-0.0930100690594743,-0.6168891441420293,0.73386719164139,1,1,1,1,1.0
172,0.12142606258199874,-0.6168891441420293,0.73386719164139,0,0,0,0,0.5
173,-2.5947649382099947,-0.4187436774612866,0.73386719164139,1,0,0,0,0.0
174,1.693957694619469,-0.12152547744017231,-0.8920017538570032,1,1,1,1,0.0
175,0.12142606258199874,-0.4187436774612866,0.73386719164139,1,1,1,1,1.0
176,-0.021531358512316825,0.07661998924057052,-0.4274677694288909,0,0,0,1,0.5
177,-0.0930100690594743,-0.8150346108227722,-1.1242687460710596,0,0,0,0,0.5
178,-0.021531358512316825,-0.6168891441420293,0.73386719164139,0,0,0,0,0.5
179,0.12142606258199874,0.07661998924057052,-1.5888027304991719,1,1,1,0,1.0
180,2.051351247355257,-1.0131800775035151,0.73386719164139,1,1,0,1,0.0
181,-0.0930100690594743,-0.7159618774824008,0.73386719164139,0,0,0,0,0.5
182,-0.021531358512316825,-0.7159618774824008,0.73386719164139,1,1,1,1,1.0
183,-0.8077971745310515,0.07661998924057052,-0.4274677694288909,1,0,1,1,0.0
184,-1.5225842800026286,1.5627109893461417,-0.4274677694288909,0,1,1,1,0.0
185,1.0506492996950492,2.1571473893883706,0.73386719164139,1,0,1,1,0.0
186,0.049947352034841276,0.07661998924057052,-1.1242687460710596,1,1,0,0,0.5
187,0.049947352034841276,0.07661998924057052,-1.5888027304991719,1,1,1,0,0.5
188,-0.7363184639838941,0.5719836559424276,0.73386719164139,0,1,1,1,0.0
189,1.4080428524308377,1.0673473226442847,0.73386719164139,0,1,1,1,0.0
190,0.5502983258649454,4.534892989557284,0.73386719164139,1,0,1,1,0.0
191,0.12142606258199874,0.07661998924057052,0.73386719164139,0,0,1,0,0.5
192,-0.0930100690594743,-0.6168891441420293,0.73386719164139,1,0,1,0,0.5
193,0.049947352034841276,-0.6168891441420293,0.73386719164139,1,0,1,0,1.0
194,-2.5947649382099947,-0.4187436774612866,0.73386719164139,1,1,1,1,0.0
195,1.693957694619469,-0.12152547744017231,-0.4274677694288909,1,0,1,1,0.0
196,1.4080428524308377,1.0673473226442847,0.73386719164139,0,1,1,1,0.0
197,0.12142606258199874,0.07661998924057052,0.73386719164139,0,0,0,1,0.5
198,0.12142606258199874,0.07661998924057052,0.73386719164139,0,1,1,1,1.0
199,-0.0930100690594743,-0.6168891441420293,0.73386719164139,1,0,0,0,0.5
200,-1.3796268589083132,-0.6168891441420293,0.73386719164139,1,0,1,0,0.0
201,-2.5947649382099947,-0.4187436774612866,0.73386719164139,1,1,1,1,0.0
202,1.693957694619469,-0.12152547744017231,-0.4274677694288909,1,0,1,1,0.0
203,0.12142606258199874,-0.4187436774612866,-1.5888027304991719,1,0,1,0,0.5
204,-0.0930100690594743,-0.7159618774824008,0.73386719164139,0,0,0,0,0.5
205,-0.021531358512316825,-0.7159618774824008,0.73386719164139,1,1,1,1,1.0
206,-0.8077971745310515,0.07661998924057052,-0.4274677694288909,1,0,1,1,0.0
207,-1.5225842800026286,1.5627109893461417,-0.4274677694288909,0,1,1,1,0.0
208,1.0506492996950492,2.1571473893883706,0.73386719164139,1,0,1,1,0.0
209,0.049947352034841276,0.07661998924057052,-1.1242687460710596,1,1,0,0,0.5
210,0.049947352034841276,0.07661998924057052,-1.5888027304991719,1,1,1,0,0.5
211,-0.7363184639838941,0.5719836559424276,0.73386719164139,0,1,1,1,0.0
212,1.4080428524308377,1.0673473226442847,0.73386719164139,0,1,1,1,0.0
213,0.5502983258649454,4.534892989557284,0.73386719164139,1,0,1,1,0.0
214,0.12142606258199874,0.07661998924057052,0.73386719164139,0,0,1,0,0.5
215,-0.0930100690594743,-0.6168891441420293,0.73386719164139,1,0,1,0,0.5
216,0.049947352034841276,-0.6168891441420293,0.73386719164139,1,0,1,0,1.0
217,-2.5947649382099947,-0.4187436774612866,0.73386719164139,1,1,1,1,0.0
218,1.693957694619469,-0.12152547744017231,-0.4274677694288909,1,0,1,1,0.0
219,1.4080428524308377,1.0673473226442847,0.73386719164139,0,1,1,1,0.0
220,0.12142606258199874,0.07661998924057052,0.73386719164139,0,0,0,1,0.5
221,0.12142606258199874,0.07661998924057052,0.73386719164139,0,1,1,1,1.0
222,-0.0930100690594743,-0.6168891441420293,0.73386719164139,1,0,0,0,0.5
223,-1.3796268589083132,-0.6168891441420293,0.73386719164139,1,0,1,0,0.0
224,-2.5947649382099947,-0.4187436774612866,0.73386719164139,1,1,1,1,0.0
225,1.693957694619469,-0.12152547744017231,-0.4274677694288909,1,0,1,1,0.0
226,0.12142606258199874,-0.4187436774612866,-1.5888027304991719,1,0,1,0,0.5
227,-0.021531358512316825,0.07661998924057052,-0.4274677694288909,0,1,1,1,1.0
228,-0.0930100690594743,-0.8150346108227722,0.73386719164139,0,0,1,0,0.5
229,-1.5225842800026286,-0.6168891441420293,0.73386719164139,0,1,1,1,0.0
230,0.12142606258199874,0.07661998924057052,-1.5888027304991719,1,1,1,1,1.0
231,-0.0930100690594743,-0.9141073441631437,-1.3565357382851158,1,0,1,0,0.5
232,0.12142606258199874,-0.8150346108227722,0.26933320721327764,0,1,1,0,1.0
233,1.3365641418836802,2.553438322749856,-1.3565357382851158,0,0,0,0,0.0
234,0.12142606258199874,-1.0131800775035151,-2.750137691569453,0,0,0,1,0.5
235,-0.0930100690594743,-0.7159618774824008,-1.5888027304991719,0,0,0,0,0.5
236,-0.021531358512316825,-0.7159618774824008,0.73386719164139,1,0,1,0,1.0
237,0.12142606258199874,0.07661998924057052,-2.750137691569453,0,1,0,0,0.5
238,0.5502983258649454,2.058074656047999,0.73386719164139,0,0,0,0,0.0
239,0.12142606258199874,-0.3196709441209152,0.73386719164139,0,0,1,0,0.5
240,-0.0930100690594743,-0.6168891441420293,0.73386719164139,1,1,1,1,1.0
241,-0.021531358512316825,-0.6168891441420293,0.73386719164139,0,0,0,0,0.5
242,-2.5947649382099947,-0.4187436774612866,0.73386719164139,1,0,0,0,0.0
243,1.693957694619469,-0.12152547744017231,-0.8920017538570032,1,1,1,1,0.0
244,-0.0930100690594743,-0.6168891441420293,0.73386719164139,1,0,1,0,0.5
245,0.049947352034841276,-0.6168891441420293,0.73386719164139,1,0,1,0,1.0
246,-2.5947649382099947,-0.4187436774612866,0.73386719164139,1,1,1,1,0.0
247,-0.021531358512316825,-0.12152547744017231,-0.4274677694288909,1,0,1,1,1.0
248,1.4080428524308377,1.0673473226442847,0.73386719164139,0,1,1,1,0.0
249,0.12142606258199874,0.07661998924057052,0.73386719164139,0,0,0,1,0.5
250,0.12142606258199874,0.07661998924057052,0.73386719164139,0,1,1,1,1.0
251,-0.0930100690594743,-0.6168891441420293,0.73386719164139,1,0,0,0,0.5
252,-0.021531358512316825,-0.6168891441420293,0.73386719164139,1,0,1,0,1.0
253,-2.5947649382099947,-0.4187436774612866,0.73386719164139,1,1,1,1,0.0
254,1.693957694619469,-0.12152547744017231,-0.4274677694288909,1,0,1,1,0.0
255,0.12142606258199874,-0.4187436774612866,-1.5888027304991719,1,0,1,0,0.5
256,-0.021531358512316825,0.07661998924057052,-0.4274677694288909,0,0,0,1,0.5
257,-0.0930100690594743,-0.8150346108227722,0.73386719164139,0,0,1,0,0.5
258,-0.021531358512316825,-0.6168891441420293,0.73386719164139,0,0,1,0,0.5
259,0.12142606258199874,0.07661998924057052,-1.5888027304991719,1,1,1,1,1.0
260,-0.0930100690594743,1.0673473226442847,-1.3565357382851158,1,0,1,0,0.0
261,0.12142606258199874,-0.8150346108227722,0.26933320721327764,0,1,1,0,1.0
262,1.3365641418836802,2.553438322749856,-1.3565357382851158,0,0,0,0,0.0
263,0.12142606258199874,-0.4187436774612866,-1.5888027304991719,1,0,1,0,0.5
264,-0.021531358512316825,0.07661998924057052,-0.4274677694288909,0,1,1,1,1.0
265,-0.0930100690594743,-0.8150346108227722,0.73386719164139,0,0,1,0,0.5
266,-1.5225842800026286,-0.6168891441420293,0.73386719164139,0,1,1,1,0.0
267,0.12142606258199874,0.07661998924057052,-1.5888027304991719,1,1,1,1,1.0
268,-0.0930100690594743,-0.9141073441631437,-1.3565357382851158,1,0,1,0,0.5
269,0.12142606258199874,-0.8150346108227722,0.26933320721327764,0,1,1,0,1.0
270,1.3365641418836802,2.553438322749856,-1.3565357382851158,0,0,0,0,0.0
271,0.12142606258199874,-1.0131800775035151,-2.750137691569453,0,0,0,1,0.5
272,1.693957694619469,-0.12152547744017231,-0.8920017538570032,1,1,1,1,0.0
273,0.12142606258199874,-0.4187436774612866,0.73386719164139,1,1,1,1,1.0
274,-0.021531358512316825,0.5719836559424276,-0.4274677694288909,0,0,0,1,0.0
275,-0.0930100690594743,-0.8150346108227722,-1.1242687460710596,0,0,0,0,0.5
276,-0.021531358512316825,0.5719836559424276,0.73386719164139,0,0,0,0,0.0
277,0.12142606258199874,0.07661998924057052,-1.5888027304991719,1,1,1,0,1.0
278,2.051351247355257,-1.0131800775035151,0.73386719164139,1,1,0,1,0.0
279,-0.0930100690594743,-0.7159618774824008,0.73386719164139,0,0,0,0,0.5
280,2.051351247355257,-1.0131800775035151,0.73386719164139,1,1,0,1,0.0
281,-0.0930100690594743,-0.7159618774824008,0.73386719164139,0,0,0,0,0.5
282,-0.021531358512316825,-0.7159618774824008,0.73386719164139,1,1,1,1,1.0
283,-0.8077971745310515,0.07661998924057052,-0.4274677694288909,1,0,1,1,0.0
284,-1.5225842800026286,1.5627109893461417,-0.4274677694288909,0,1,1,1,0.0
285,1.0506492996950492,2.1571473893883706,0.73386719164139,1,0,1,1,0.0
286,0.049947352034841276,0.07661998924057052,-1.1242687460710596,1,1,0,0,0.5
287,0.049947352034841276,0.07661998924057052,-1.5888027304991719,1,1,1,0,0.5
288,-0.7363184639838941,0.5719836559424276,0.73386719164139,0,1,1,1,0.0
289,-0.021531358512316825,-0.9141073441631437,0.73386719164139,0,1,1,1,1.0
290,0.5502983258649454,4.534892989557284,0.73386719164139,1,0,1,1,0.0
291,0.12142606258199874,0.5719836559424276,0.73386719164139,0,0,1,0,0.0
292,-0.0930100690594743,-0.6168891441420293,0.73386719164139,1,0,1,0,0.5
293,0.049947352034841276,-0.3196709441209152,-1.1242687460710596,1,0,0,0,0.5
294,0.049947352034841276,0.5719836559424276,-1.5888027304991719,1,1,1,0,0.0
295,0.12142606258199874,0.07661998924057052,0.73386719164139,0,1,1,1,1.0
296,1.4080428524308377,1.0673473226442847,0.73386719164139,0,1,0,0,0.0
297,0.5502983258649454,2.058074656047999,0.73386719164139,0,0,0,0,0.0
298,0.12142606258199874,-0.3196709441209152,0.73386719164139,0,0,0,0,0.5
299,-0.0930100690594743,-0.6168891441420293,0.73386719164139,1,1,1,1,1.0
300,0.12142606258199874,-0.6168891441420293,0.73386719164139,0,0,0,0,0.5
301,-2.5947649382099947,-0.4187436774612866,0.73386719164139,1,0,0,0,0.0
302,1.693957694619469,-0.12152547744017231,-0.8920017538570032,1,1,1,1,0.0
303,0.12142606258199874,-0.4187436774612866,0.73386719164139,1,1,1,1,1.0
304,-0.021531358512316825,0.07661998924057052,-0.4274677694288909,0,0,0,1,0.5
305,-0.0930100690594743,-0.8150346108227722,-1.1242687460710596,0,0,0,0,0.5
306,-0.021531358512316825,-0.6168891441420293,0.73386719164139,0,0,0,0,0.5
307,0.12142606258199874,0.07661998924057052,-1.5888027304991719,1,1,1,0,1.0
308,2.051351247355257,-1.0131800775035151,0.73386719164139,1,1,0,1,0.0
309,-0.0930100690594743,-0.7159618774824008,0.73386719164139,0,0,0,0,0.5
310,-0.021531358512316825,-0.7159618774824008,0.73386719164139,1,1,1,1,1.0
311,-0.8077971745310515,0.07661998924057052,-0.4274677694288909,1,0,1,1,0.0
312,-1.5225842800026286,1.5627109893461417,-0.4274677694288909,0,1,1,1,0.0
313,1.0506492996950492,2.1571473893883706,0.73386719164139,1,0,1,1,0.0
314,0.049947352034841276,0.07661998924057052,-1.1242687460710596,1,1,0,0,0.5
315,0.049947352034841276,0.07661998924057052,-1.5888027304991719,1,1,1,0,0.5
316,-0.7363184639838941,0.5719836559424276,0.73386719164139,0,1,1,1,0.0
317,1.4080428524308377,1.0673473226442847,0.73386719164139,0,1,1,1,0.0
318,0.5502983258649454,4.534892989557284,0.73386719164139,1,0,1,1,0.0
319,0.12142606258199874,0.07661998924057052,0.73386719164139,0,0,1,0,0.5
320,-0.0930100690594743,-0.6168891441420293,0.73386719164139,1,0,1,0,0.5
321,0.049947352034841276,-0.6168891441420293,0.73386719164139,1,0,1,0,1.0
322,-2.5947649382099947,-0.4187436774612866,0.73386719164139,1,1,1,1,0.0
323,1.693957694619469,-0.12152547744017231,-0.4274677694288909,1,0,1,1,0.0
324,1.4080428524308377,1.0673473226442847,0.73386719164139,0,1,1,1,0.0
325,0.12142606258199874,0.07661998924057052,0.73386719164139,0,0,0,1,0.5
326,0.12142606258199874,0.07661998924057052,0.73386719164139,0,1,1,1,1.0
327,-0.0930100690594743,-0.6168891441420293,0.73386719164139,1,0,0,0,0.5
328,-1.3796268589083132,-0.6168891441420293,0.73386719164139,1,0,1,0,0.0
329,-2.5947649382099947,-0.4187436774612866,0.73386719164139,1,1,1,1,0.0
330,1.693957694619469,-0.12152547744017231,-0.4274677694288909,1,0,1,1,0.0
331,0.12142606258199874,-0.4187436774612866,-1.5888027304991719,1,0,1,0,0.5
332,-0.0930100690594743,-0.7159618774824008,0.73386719164139,0,0,0,0,0.5
333,-0.021531358512316825,-0.7159618774824008,0.73386719164139,1,1,1,1,1.0
334,-0.8077971745310515,0.07661998924057052,-0.4274677694288909,1,0,1,1,0.0
335,-1.5225842800026286,1.5627109893461417,-0.4274677694288909,0,1,1,1,0.0
336,1.0506492996950492,2.1571473893883706,0.73386719164139,1,0,1,1,0.0
337,0.049947352034841276,0.07661998924057052,-1.1242687460710596,1,1,0,0,0.5
338,0.049947352034841276,0.07661998924057052,-1.5888027304991719,1,1,1,0,0.5
339,-0.7363184639838941,0.5719836559424276,0.73386719164139,0,1,1,1,0.0
340,1.4080428524308377,1.0673473226442847,0.73386719164139,0,1,1,1,0.0
341,0.5502983258649454,4.534892989557284,0.73386719164139,1,0,1,1,0.0
342,0.12142606258199874,0.07661998924057052,0.73386719164139,0,0,1,0,0.5
343,-0.0930100690594743,-0.6168891441420293,0.73386719164139,1,0,1,0,0.5
344,0.049947352034841276,-0.6168891441420293,0.73386719164139,1,0,1,0,1.0
345,-2.5947649382099947,-0.4187436774612866,0.73386719164139,1,1,1,1,0.0
346,1.693957694619469,-0.12152547744017231,-0.4274677694288909,1,0,1,1,0.0
347,1.4080428524308377,1.0673473226442847,0.73386719164139,0,1,1,1,0.0
348,0.12142606258199874,0.07661998924057052,0.73386719164139,0,0,0,1,0.5
349,0.12142606258199874,0.07661998924057052,0.73386719164139,0,1,1,1,1.0
350,-0.0930100690594743,-0.6168891441420293,0.73386719164139,1,0,0,0,0.5
351,-1.3796268589083132,-0.6168891441420293,0.73386719164139,1,0,1,0,0.0
352,-2.5947649382099947,-0.4187436774612866,0.73386719164139,1,1,1,1,0.0
353,1.693957694619469,-0.12152547744017231,-0.4274677694288909,1,0,1,1,0.0
354,0.12142606258199874,-0.4187436774612866,-1.5888027304991719,1,0,1,0,0.5
355,-0.021531358512316825,0.07661998924057052,-0.4274677694288909,0,1,1,1,1.0
356,-0.0930100690594743,-0.8150346108227722,0.73386719164139,0,0,1,0,0.5
357,-1.5225842800026286,-0.6168891441420293,0.73386719164139,0,1,1,1,0.0
358,0.12142606258199874,0.07661998924057052,-1.5888027304991719,1,1,1,1,1.0
359,-0.0930100690594743,-0.9141073441631437,-1.3565357382851158,1,0,1,0,0.5
360,0.12142606258199874,-0.8150346108227722,0.26933320721327764,0,1,1,0,1.0
361,1.3365641418836802,2.553438322749856,-1.3565357382851158,0,0,0,0,0.0
362,0.12142606258199874,-1.0131800775035151,-2.750137691569453,0,0,0,1,0.5
363,-0.0930100690594743,-0.7159618774824008,-1.5888027304991719,0,0,0,0,0.5
364,-0.021531358512316825,-0.7159618774824008,0.73386719164139,1,0,1,0,1.0
365,0.12142606258199874,0.07661998924057052,-2.750137691569453,0,1,0,0,0.5
366,0.5502983258649454,2.058074656047999,0.73386719164139,0,0,0,0,0.0
367,0.12142606258199874,-0.3196709441209152,0.73386719164139,0,0,1,0,0.5
368,-0.0930100690594743,-0.6168891441420293,0.73386719164139,1,1,1,1,1.0
369,-0.021531358512316825,-0.6168891441420293,0.73386719164139,0,0,0,0,0.5
370,-2.5947649382099947,-0.4187436774612866,0.73386719164139,1,0,0,0,0.0
371,1.693957694619469,-0.12152547744017231,-0.8920017538570032,1,1,1,1,0.0
372,-0.0930100690594743,-0.6168891441420293,0.73386719164139,1,0,1,0,0.5
373,0.049947352034841276,-0.6168891441420293,0.73386719164139,1,0,1,0,1.0
374,-2.5947649382099947,-0.4187436774612866,0.73386719164139,1,1,1,1,0.0
375,-0.021531358512316825,-0.12152547744017231,-0.4274677694288909,1,0,1,1,1.0
376,1.4080428524308377,1.0673473226442847,0.73386719164139,0,1,1,1,0.0
377,0.12142606258199874,0.07661998924057052,0.73386719164139,0,0,0,1,0.5
378,0.12142606258199874,0.07661998924057052,0.73386719164139,0,1,1,1,1.0
379,-0.0930100690594743,-0.6168891441420293,0.73386719164139,1,0,0,0,0.5
380,-0.021531358512316825,-0.6168891441420293,0.73386719164139,1,0,1,0,1.0
381,-2.5947649382099947,-0.4187436774612866,0.73386719164139,1,1,1,1,0.0
382,1.693957694619469,-0.12152547744017231,-0.4274677694288909,1,0,1,1,0.0
383,0.12142606258199874,-0.4187436774612866,-1.5888027304991719,1,0,1,0,0.5
384,-0.021531358512316825,0.07661998924057052,-0.4274677694288909,0,0,0,1,0.5
385,-0.0930100690594743,-0.8150346108227722,0.73386719164139,0,0,1,0,0.5
386,0.12142606258199874,0.07661998924057052,0.73386719164139,0,1,1,1,1.0
387,-0.0930100690594743,-0.6168891441420293,0.73386719164139,1,0,0,0,0.5
388,-1.3796268589083132,-0.6168891441420293,0.73386719164139,1,0,1,0,0.0
389,-2.5947649382099947,-0.4187436774612866,0.73386719164139,1,1,1,1,0.0
390,1.693957694619469,-0.12152547744017231,-0.4274677694288909,1,0,1,1,0.0
391,0.12142606258199874,-0.4187436774612866,-1.5888027304991719,1,0,1,0,0.5
392,-0.021531358512316825,0.07661998924057052,-0.4274677694288909,0,1,1,1,1.0
393,-0.0930100690594743,-0.8150346108227722,0.73386719164139,0,0,1,0,0.5
394,-1.5225842800026286,-0.6168891441420293,0.73386719164139,0,1,1,1,0.0
395,0.12142606258199874,0.07661998924057052,-1.5888027304991719,1,1,1,1,1.0
396,-0.0930100690594743,-0.9141073441631437,-1.3565357382851158,1,0,1,0,0.5
397,0.12142606258199874,-0.8150346108227722,0.26933320721327764,0,1,1,0,1.0
398,1.3365641418836802,2.553438322749856,-1.3565357382851158,0,0,0,0,0.0
399,0.12142606258199874,-1.0131800775035151,-2.750137691569453,0,0,0,1,0.5
400,-0.0930100690594743,-0.7159618774824008,-1.5888027304991719,0,0,0,0,0.5
401,-0.021531358512316825,-0.7159618774824008,0.73386719164139,1,0,1,0,1.0
402,0.12142606258199874,0.07661998924057052,-2.750137691569453,0,1,0,0,0.5
403,0.5502983258649454,2.058074656047999,0.73386719164139,0,0,0,0,0.0
404,0.12142606258199874,-0.3196709441209152,0.73386719164139,0,0,1,0,0.5
405,-0.0930100690594743,-0.6168891441420293,0.73386719164139,1,1,1,1,1.0
406,-0.021531358512316825,-0.6168891441420293,0.73386719164139,0,0,0,0,0.5
407,-2.5947649382099947,-0.4187436774612866,0.73386719164139,1,0,0,0,0.0
408,1.693957694619469,-0.12152547744017231,-0.8920017538570032,1,1,1,1,0.0
409,0.12142606258199874,-0.4187436774612866,0.73386719164139,1,1,1,1,1.0
410,-0.021531358512316825,0.5719836559424276,-0.4274677694288909,0,0,0,1,0.0
411,-0.0930100690594743,-0.8150346108227722,-1.1242687460710596,0,0,0,0,0.5
412,-0.021531358512316825,0.5719836559424276,0.73386719164139,0,0,0,0,0.0
413,0.12142606258199874,0.07661998924057052,-1.5888027304991719,1,1,1,0,1.0
414,2.051351247355257,-1.0131800775035151,0.73386719164139,1,1,0,1,0.0
415,-0.0930100690594743,-0.7159618774824008,0.73386719164139,0,0,0,0,0.5
416,2.051351247355257,-1.0131800775035151,0.73386719164139,1,1,0,1,0.0
417,-0.0930100690594743,-0.7159618774824008,0.73386719164139,0,0,0,0,0.5
418,-0.021531358512316825,-0.7159618774824008,0.73386719164139,1,1,1,1,1.0
419,-0.8077971745310515,0.07661998924057052,-0.4274677694288909,1,0,1,1,0.0
420,-1.5225842800026286,1.5627109893461417,-0.4274677694288909,0,1,1,1,0.0
421,1.0506492996950492,2.1571473893883706,0.73386719164139,1,0,1,1,0.0
422,0.049947352034841276,0.07661998924057052,-1.1242687460710596,1,1,0,0,0.5
423,0.049947352034841276,0.07661998924057052,-1.5888027304991719,1,1,1,0,0.5
424,-0.7363184639838941,0.5719836559424276,0.73386719164139,0,1,1,1,0.0
425,-0.021531358512316825,-0.9141073441631437,0.73386719164139,0,1,1,1,1.0
426,0.5502983258649454,4.534892989557284,0.73386719164139,1,0,1,1,0.0
427,0.12142606258199874,0.5719836559424276,0.73386719164139,0,0,1,0,0.0
428,-0.0930100690594743,-0.6168891441420293,0.73386719164139,1,0,1,0,0.5
429,0.049947352034841276,-0.6168891441420293,0.73386719164139,1,0,1,0,1.0
430,-2.5947649382099947,-0.4187436774612866,0.73386719164139,1,1,1,1,0.0
431,-0.021531358512316825,-0.12152547744017231,-0.4274677694288909,1,0,1,1,1.0
432,1.4080428524308377,1.0673473226442847,0.73386719164139,0,1,1,1,0.0
433,0.12142606258199874,0.07661998924057052,0.73386719164139,0,0,0,1,0.5
434,0.12142606258199874,0.07661998924057052,0.73386719164139,0,1,1,1,1.0
435,-0.0930100690594743,-0.6168891441420293,0.73386719164139,1,0,0,0,0.5
436,-0.021531358512316825,-0.6168891441420293,0.73386719164139,1,0,1,0,1.0
437,-2.5947649382099947,-0.4187436774612866,0.73386719164139,1,1,1,1,0.0
438,1.693957694619469,-0.12152547744017231,-0.4274677694288909,1,0,1,1,0.0
439,0.12142606258199874,-0.4187436774612866,-1.5888027304991719,1,0,1,0,0.5
440,-0.021531358512316825,0.07661998924057052,-0.4274677694288909,0,0,0,1,0.5
441,-0.0930100690594743,-0.8150346108227722,0.73386719164139,0,0,1,0,0.5
442,-0.021531358512316825,-0.6168891441420293,0.73386719164139,0,0,1,0,0.5
443,0.12142606258199874,0.07661998924057052,-1.5888027304991719,1,1,1,1,1.0
444,-0.0930100690594743,1.0673473226442847,-1.3565357382851158,1,0,1,0,0.0
445,0.12142606258199874,-0.8150346108227722,0.26933320721327764,0,1,1,0,1.0
446,1.3365641418836802,2.553438322749856,-1.3565357382851158,0,0,0,0,0.0
447,0.12142606258199874,-0.4187436774612866,-1.5888027304991719,1,0,1,0,0.5
448,-0.021531358512316825,0.07661998924057052,-0.4274677694288909,0,1,1,1,1.0
449,-0.0930100690594743,-0.8150346108227722,0.73386719164139,0,0,1,0,0.5
450,-1.5225842800026286,-0.6168891441420293,0.73386719164139,0,1,1,1,0.0
451,0.12142606258199874,0.07661998924057052,-1.5888027304991719,1,1,1,1,1.0
452,-0.0930100690594743,-0.9141073441631437,-1.3565357382851158,1,0,1,0,0.5
453,0.12142606258199874,-0.8150346108227722,0.26933320721327764,0,1,1,0,1.0
454,1.3365641418836802,2.553438322749856,-1.3565357382851158,0,0,0,0,0.0
455,-0.021531358512316825,0.5719836559424276,0.73386719164139,0,0,0,0,0.0
456,0.12142606258199874,0.07661998924057052,-1.5888027304991719,1,1,1,0,1.0
457,2.051351247355257,-1.0131800775035151,0.73386719164139,1,1,0,1,0.0
458,-0.0930100690594743,-0.7159618774824008,0.73386719164139,0,0,0,0,0.5
459,2.051351247355257,-1.0131800775035151,0.73386719164139,1,1,0,1,0.0
460,-0.0930100690594743,-0.7159618774824008,0.73386719164139,0,0,0,0,0.5
461,-0.021531358512316825,-0.7159618774824008,0.73386719164139,1,1,1,1,1.0
462,-0.8077971745310515,0.07661998924057052,-0.4274677694288909,1,0,1,1,0.0
463,-1.5225842800026286,1.5627109893461417,-0.4274677694288909,0,1,1,1,0.0
464,1.0506492996950492,2.1571473893883706,0.73386719164139,1,0,1,1,0.0
465,0.049947352034841276,0.07661998924057052,-1.1242687460710596,1,1,0,0,0.5
466,0.049947352034841276,0.07661998924057052,-1.5888027304991719,1,1,1,0,0.5
467,-0.7363184639838941,0.5719836559424276,0.73386719164139,0,1,1,1,0.0
468,-0.021531358512316825,-0.9141073441631437,0.73386719164139,0,1,1,1,1.0
469,0.5502983258649454,4.534892989557284,0.73386719164139,1,0,1,1,0.0
470,0.12142606258199874,0.5719836559424276,0.73386719164139,0,0,1,0,0.0
471,-0.0930100690594743,-0.6168891441420293,0.73386719164139,1,0,1,0,0.5
472,0.049947352034841276,-0.6168891441420293,0.73386719164139,1,0,1,0,1.0
473,-2.5947649382099947,-0.4187436774612866,0.73386719164139,1,1,1,1,0.0
474,-0.021531358512316825,-0.12152547744017231,-0.4274677694288909,1,0,1,1,1.0
475,1.4080428524308377,1.0673473226442847,0.73386719164139,0,1,1,1,0.0
476,0.12142606258199874,0.07661998924057052,0.73386719164139,0,0,0,1,0.5
477,0.12142606258199874,0.07661998924057052,0.73386719164139,0,1,1,1,1.0
478,-0.0930100690594743,-0.6168891441420293,0.73386719164139,1,0,0,0,0.5
479,-0.021531358512316825,-0.6168891441420293,0.73386719164139,1,0,1,0,1.0
480,-2.5947649382099947,-0.4187436774612866,0.73386719164139,1,1,1,1,0.0
481,1.693957694619469,-0.12152547744017231,-0.4274677694288909,1,0,1,1,0.0
482,0.12142606258199874,-0.4187436774612866,-1.5888027304991719,1,0,1,0,0.5
483,-0.021531358512316825,0.07661998924057052,-0.4274677694288909,0,0,0,1,0.5
484,-0.0930100690594743,-0.8150346108227722,0.73386719164139,0,0,1,0,0.5
485,-0.021531358512316825,-0.6168891441420293,0.73386719164139,0,0,1,0,0.5
486,0.12142606258199874,0.07661998924057052,-1.5888027304991719,1,1,1,1,1.0
487,-0.0930100690594743,1.0673473226442847,-1.3565357382851158,1,0,1,0,0.0
488,0.12142606258199874,-0.8150346108227722,0.26933320721327764,0,1,1,0,1.0
489,1.3365641418836802,2.553438322749856,-1.3565357382851158,0,0,0,0,0.0
490,0.12142606258199874,-0.4187436774612866,-1.5888027304991719,1,0,1,0,0.5
491,-0.021531358512316825,0.07661998924057052,-0.4274677694288909,0,1,1,1,1.0
492,-0.0930100690594743,-0.8150346108227722,0.73386719164139,0,0,1,0,0.5
493,-1.5225842800026286,-0.6168891441420293,0.73386719164139,0,1,1,1,0.0
494,0.12142606258199874,0.07661998924057052,-1.5888027304991719,1,1,1,1,1.0
495,-0.0930100690594743,-0.9141073441631437,-1.3565357382851158,1,0,1,0,0.5
496,0.12142606258199874,-0.8150346108227722,0.26933320721327764,0,1,1,0,1.0
497,1.3365641418836802,2.553438322749856,-1.3565357382851158,0,0,0,0,0.0
498,0.12142606258199874,-1.0131800775035151,-2.750137691569453,0,0,0,1,0.5
499,-0.0930100690594743,-0.7159618774824008,-1.5888027304991719,0,0,0,0,0.5
500,-0.021531358512316825,-0.7159618774824008,0.73386719164139,1,0,1,0,1.0
501,0.12142606258199874,0.07661998924057052,-2.750137691569453,0,1,0,0,0.5
502,0.5502983258649454,2.058074656047999,0.73386719164139,0,0,0,0,0.0
503,0.12142606258199874,-0.3196709441209152,0.73386719164139,0,0,1,0,0.5
504,-0.0930100690594743,-0.6168891441420293,0.73386719164139,1,1,1,1,1.0
505,-0.021531358512316825,-0.6168891441420293,0.73386719164139,0,0,0,0,0.5
506,-2.5947649382099947,-0.4187436774612866,0.73386719164139,1,0,0,0,0.0
507,1.693957694619469,-0.12152547744017231,-0.8920017538570032,1,1,1,1,0.0
508,0.12142606258199874,-0.4187436774612866,0.73386719164139,1,1,1,1,1.0
509,-0.021531358512316825,0.5719836559424276,-0.4274677694288909,0,0,0,1,0.0
510,-0.0930100690594743,-0.8150346108227722,-1.1242687460710596,0,0,0,0,0.5
511,-0.021531358512316825,0.5719836559424276,0.73386719164139,0,0,0,0,0.0
512,0.12142606258199874,0.07661998924057052,-1.5888027304991719,1,1,1,0,1.0
513,2.051351247355257,-1.0131800775035151,0.73386719164139,1,1,0,1,0.0
514,-0.0930100690594743,-0.7159618774824008,0.73386719164139,0,0,0,0,0.5
515,2.051351247355257,-1.0131800775035151,0.73386719164139,1,1,0,1,0.0
516,-0.0930100690594743,-0.7159618774824008,0.73386719164139,0,0,0,0,0.5
517,-0.021531358512316825,-0.7159618774824008,0.73386719164139,1,1,1,1,1.0
518,-0.8077971745310515,0.07661998924057052,-0.4274677694288909,1,0,1,1,0.0
519,-1.5225842800026286,1.5627109893461417,-0.4274677694288909,0,1,1,1,0.0
520,1.0506492996950492,2.1571473893883706,0.73386719164139,1,0,1,1,0.0
521,0.049947352034841276,0.07661998924057052,-1.1242687460710596,1,1,0,0,0.5
522,0.049947352034841276,0.07661998924057052,-1.5888027304991719,1,1,1,0,0.5
523,-0.7363184639838941,0.5719836559424276,0.73386719164139,0,1,1,1,0.0
524,-0.021531358512316825,-0.9141073441631437,0.73386719164139,0,1,1,1,1.0
525,0.5502983258649454,4.534892989557284,0.73386719164139,1,0,1,1,0.0
526,0.12142606258199874,0.5719836559424276,0.73386719164139,0,0,1,0,0.0
527,-0.0930100690594743,-0.6168891441420293,0.73386719164139,1,0,1,0,0.5
528,0.049947352034841276,-0.3196709441209152,-1.1242687460710596,1,0,0,0,0.5
529,0.049947352034841276,0.5719836559424276,-1.5888027304991719,1,1,1,0,0.0
530,0.12142606258199874,0.07661998924057052,0.73386719164139,0,1,1,1,1.0
531,-0.021531358512316825,0.07661998924057052,0.73386719164139,0,1,0,0,0.5
532,0.5502983258649454,2.058074656047999,0.73386719164139,0,0,0,0,0.0
533,0.12142606258199874,-0.3196709441209152,0.73386719164139,0,0,0,0,0.5
534,-0.0930100690594743,-0.6168891441420293,0.73386719164139,1,1,1,1,1.0
535,0.12142606258199874,-0.6168891441420293,0.73386719164139,0,0,0,0,0.5
536,-2.5947649382099947,-0.4187436774612866,0.73386719164139,1,0,0,0,0.0
537,1.693957694619469,-0.12152547744017231,-0.8920017538570032,1,1,1,1,0.0
538,0.12142606258199874,-0.4187436774612866,0.73386719164139,1,1,1,1,1.0
539,-0.021531358512316825,0.5719836559424276,-0.4274677694288909,0,0,0,1,0.0
540,-0.0930100690594743,-0.8150346108227722,-1.1242687460710596,0,0,0,0,0.5
541,-0.021531358512316825,-0.6168891441420293,0.73386719164139,0,0,0,0,0.5
542,0.12142606258199874,0.07661998924057052,-1.5888027304991719,1,1,1,0,1.0
543,2.051351247355257,-1.0131800775035151,0.73386719164139,1,1,0,1,0.0
544,-0.0930100690594743,-0.7159618774824008,0.73386719164139,0,0,0,0,0.5
545,-0.021531358512316825,-0.7159618774824008,0.73386719164139,1,1,1,1,1.0
546,-0.8077971745310515,0.07661998924057052,-0.4274677694288909,1,0,1,1,0.0
547,-0.0930100690594743,-0.4187436774612866,-0.4274677694288909,1,0,0,0,0.5
548,1.0506492996950492,2.1571473893883706,0.73386719164139,1,0,1,1,0.0
549,0.049947352034841276,0.07661998924057052,-1.1242687460710596,1,1,0,0,0.5
550,0.049947352034841276,-0.6168891441420293,0.73386719164139,1,0,1,0,1.0
551,-2.5947649382099947,-0.4187436774612866,0.73386719164139,1,1,1,1,0.0
552,0.12142606258199874,-0.12152547744017231,-0.4274677694288909,1,0,1,0,1.0
553,1.4080428524308377,1.0673473226442847,0.73386719164139,0,1,1,1,0.0
554,0.12142606258199874,1.0673473226442847,0.73386719164139,0,0,0,1,0.0
555,0.12142606258199874,0.07661998924057052,0.73386719164139,0,1,1,1,1.0
556,-0.0930100690594743,-0.6168891441420293,0.73386719164139,1,0,0,0,0.5
557,-1.3796268589083132,-0.6168891441420293,0.73386719164139,1,0,1,0,0.0
558,-2.5947649382099947,-0.4187436774612866,0.73386719164139,1,1,1,1,0.0
559,1.693957694619469,-0.12152547744017231,-0.4274677694288909,1,0,1,1,0.0
560,0.12142606258199874,-0.4187436774612866,-1.5888027304991719,1,0,1,0,0.5
561,-0.021531358512316825,0.07661998924057052,-0.4274677694288909,0,1,1,1,1.0
562,-0.0930100690594743,-0.8150346108227722,0.73386719164139,0,0,1,0,0.5
563,-1.5225842800026286,-0.6168891441420293,0.73386719164139,0,1,1,1,0.0
564,0.12142606258199874,0.07661998924057052,-1.5888027304991719,1,1,1,1,1.0
565,-0.0930100690594743,0.5719836559424276,-1.3565357382851158,1,0,1,0,0.0
566,0.12142606258199874,-0.8150346108227722,0.26933320721327764,0,1,1,0,1.0
567,1.3365641418836802,2.553438322749856,-1.3565357382851158,0,0,0,0,0.0
568,0.12142606258199874,-1.0131800775035151,-2.750137691569453,0,0,0,1,0.5
569,-0.0930100690594743,-0.7159618774824008,-1.5888027304991719,0,0,0,0,0.5
570,-0.021531358512316825,-0.7159618774824008,0.73386719164139,1,0,1,0,1.0
571,0.12142606258199874,0.07661998924057052,-2.750137691569453,0,1,0,0,0.5
572,0.5502983258649454,2.058074656047999,0.73386719164139,0,0,0,0,0.0
573,0.12142606258199874,-0.3196709441209152,0.73386719164139,0,0,1,0,0.5
574,-0.0930100690594743,-0.6168891441420293,0.73386719164139,1,1,1,1,1.0
575,-0.021531358512316825,-0.6168891441420293,0.73386719164139,0,0,0,0,0.5
576,-0.021531358512316825,-0.4187436774612866,0.73386719164139,1,0,1,1,1.0
577,1.693957694619469,-0.12152547744017231,-0.8920017538570032,1,1,1,1,0.0
578,-0.0930100690594743,-0.6168891441420293,0.73386719164139,1,0,1,0,0.5
579,0.049947352034841276,-0.6168891441420293,0.73386719164139,1,0,1,0,1.0
580,-2.5947649382099947,-0.4187436774612866,0.73386719164139,1,1,1,1,0.0
581,-0.021531358512316825,-0.12152547744017231,-0.4274677694288909,1,0,1,1,1.0
582,0.12142606258199874,-0.3196709441209152,0.73386719164139,0,0,1,0,0.5
583,-0.0930100690594743,-0.6168891441420293,0.73386719164139,1,1,1,1,1.0
584,-0.021531358512316825,-0.6168891441420293,0.73386719164139,0,0,0,0,0.5
585,-2.5947649382099947,-0.4187436774612866,0.73386719164139,1,0,0,0,0.0
586,1.693957694619469,-0.12152547744017231,-0.8920017538570032,1,1,1,1,0.0
587,0.12142606258199874,-0.4187436774612866,0.73386719164139,1,1,1,1,1.0
588,-0.021531358512316825,0.5719836559424276,-0.4274677694288909,0,0,0,1,0.0
589,-0.0930100690594743,-0.8150346108227722,-1.1242687460710596,0,0,0,0,0.5
590,-0.021531358512316825,0.5719836559424276,0.73386719164139,0,0,0,0,0.0
591,0.12142606258199874,0.07661998924057052,-1.5888027304991719,1,1,1,0,1.0
592,2.051351247355257,-1.0131800775035151,0.73386719164139,1,1,0,1,0.0
593,-0.0930100690594743,-0.7159618774824008,0.73386719164139,0,0,0,0,0.5
594,2.051351247355257,-1.0131800775035151,0.73386719164139,1,1,0,1,0.0
595,-0.0930100690594743,-0.7159618774824008,0.73386719164139,0,0,0,0,0.5
596,-0.021531358512316825,-0.7159618774824008,0.73386719164139,1,1,1,1,1.0
597,-0.8077971745310515,0.07661998924057052,-0.4274677694288909,1,0,1,1,0.0
598,-1.5225842800026286,1.5627109893461417,-0.4274677694288909,0,1,1,1,0.0
599,1.0506492996950492,2.1571473893883706,0.73386719164139,1,0,1,1,0.0
600,0.049947352034841276,0.07661998924057052,-1.1242687460710596,1,1,0,0,0.5
601,0.049947352034841276,0.07661998924057052,-1.5888027304991719,1,1,1,0,0.5
602,-0.7363184639838941,0.5719836559424276,0.73386719164139,0,1,1,1,0.0
603,-0.021531358512316825,-0.9141073441631437,0.73386719164139,0,1,1,1,1.0
604,0.5502983258649454,4.534892989557284,0.73386719164139,1,0,1,1,0.0
605,0.12142606258199874,0.5719836559424276,0.73386719164139,0,0,1,0,0.0
606,-0.0930100690594743,-0.6168891441420293,0.73386719164139,1,0,1,0,0.5
607,0.049947352034841276,-0.3196709441209152,-1.1242687460710596,1,0,0,0,0.5
608,0.049947352034841276,0.5719836559424276,-1.5888027304991719,1,1,1,0,0.0
609,0.12142606258199874,0.07661998924057052,0.73386719164139,0,1,1,1,1.0
610,-0.021531358512316825,0.07661998924057052,0.73386719164139,0,1,0,0,0.5
611,0.5502983258649454,2.058074656047999,0.73386719164139,0,0,0,0,0.0
612,0.12142606258199874,-0.3196709441209152,0.73386719164139,0,0,0,0,0.5
613,-0.0930100690594743,-0.6168891441420293,0.73386719164139,1,1,1,1,1.0
614,0.12142606258199874,-0.6168891441420293,0.73386719164139,0,0,0,0,0.5
615,-2.5947649382099947,-0.4187436774612866,0.73386719164139,1,0,0,0,0.0
616,1.693957694619469,-0.12152547744017231,-0.8920017538570032,1,1,1,1,0.0
617,0.12142606258199874,-0.4187436774612866,0.73386719164139,1,1,1,1,1.0
618,-0.021531358512316825,0.5719836559424276,-0.4274677694288909,0,0,0,1,0.0
619,-0.0930100690594743,-0.8150346108227722,-1.1242687460710596,0,0,0,0,0.5
620,-0.021531358512316825,-0.6168891441420293,0.73386719164139,0,0,0,0,0.5
621,0.12142606258199874,0.07661998924057052,-1.5888027304991719,1,1,1,0,1.0
622,2.051351247355257,-1.0131800775035151,0.73386719164139,1,1,0,1,0.0
623,-0.0930100690594743,-0.7159618774824008,0.73386719164139,0,0,0,0,0.5
624,-0.021531358512316825,-0.7159618774824008,0.73386719164139,1,1,1,1,1.0
625,-0.8077971745310515,0.07661998924057052,-0.4274677694288909,1,0,1,1,0.0
626,-0.0930100690594743,-0.4187436774612866,-0.4274677694288909,1,0,0,0,0.5
627,1.0506492996950492,2.1571473893883706,0.73386719164139,1,0,1,1,0.0
628,0.049947352034841276,0.07661998924057052,-1.1242687460710596,1,1,0,0,0.5
629,0.049947352034841276,-0.6168891441420293,0.73386719164139,1,0,1,0,1.0
630,-2.5947649382099947,-0.4187436774612866,0.73386719164139,1,1,1,1,0.0
631,0.12142606258199874,-0.12152547744017231,-0.4274677694288909,1,0,1,0,1.0
632,1.4080428524308377,1.0673473226442847,0.73386719164139,0,1,1,1,0.0
633,0.12142606258199874,1.0673473226442847,0.73386719164139,0,0,0,1,0.0
634,0.12142606258199874,0.07661998924057052,0.73386719164139,0,1,1,1,1.0
635,-0.0930100690594743,-0.6168891441420293,0.73386719164139,1,0,0,0,0.5
636,-1.3796268589083132,-0.6168891441420293,0.73386719164139,1,0,1,0,0.0
637,-2.5947649382099947,-0.4187436774612866,0.73386719164139,1,1,1,1,0.0
638,1.693957694619469,-0.12152547744017231,-0.4274677694288909,1,0,1,1,0.0
639,0.12142606258199874,-0.4187436774612866,-1.5888027304991719,1,0,1,0,0.5
640,-0.021531358512316825,0.07661998924057052,-0.4274677694288909,0,1,1,1,1.0
641,-0.0930100690594743,-0.8150346108227722,0.73386719164139,0,0,1,0,0.5
642,-1.5225842800026286,-0.6168891441420293,0.73386719164139,0,1,1,1,0.0
643,0.12142606258199874,0.07661998924057052,-1.5888027304991719,1,1,1,1,1.0
644,-0.0930100690594743,0.5719836559424276,-1.3565357382851158,1,0,1,0,0.0
645,0.12142606258199874,-0.8150346108227722,0.26933320721327764,0,1,1,0,1.0
646,1.3365641418836802,2.553438322749856,-1.3565357382851158,0,0,0,0,0.0
647,0.12142606258199874,-1.0131800775035151,-2.750137691569453,0,0,0,1,0.5
648,-0.0930100690594743,-0.7159618774824008,-1.5888027304991719,0,0,0,0,0.5
649,-0.021531358512316825,-0.7159618774824008,0.73386719164139,1,0,1,0,1.0
650,0.12142606258199874,0.07661998924057052,-2.750137691569453,0,1,0,0,0.5
651,0.5502983258649454,2.058074656047999,0.73386719164139,0,0,0,0,0.0
652,0.12142606258199874,-0.3196709441209152,0.73386719164139,0,0,1,0,0.5
653,-0.0930100690594743,-0.6168891441420293,0.73386719164139,1,1,1,1,1.0
654,-0.021531358512316825,-0.6168891441420293,0.73386719164139,0,0,0,0,0.5
655,0.049947352034841276,-0.6168891441420293,0.73386719164139,1,0,1,0,1.0
656,-2.5947649382099947,-0.4187436774612866,0.73386719164139,1,1,1,1,0.0
657,1.693957694619469,-0.12152547744017231,-0.4274677694288909,1,0,1,1,0.0
658,1.4080428524308377,1.0673473226442847,0.73386719164139,0,1,1,1,0.0
659,0.12142606258199874,0.07661998924057052,0.73386719164139,0,0,0,1,0.5
660,0.12142606258199874,0.07661998924057052,0.73386719164139,0,1,1,1,1.0
661,-0.0930100690594743,-0.6168891441420293,0.73386719164139,1,0,0,0,0.5
662,-1.3796268589083132,-0.6168891441420293,0.73386719164139,1,0,1,0,0.0
663,-2.5947649382099947,-0.4187436774612866,0.73386719164139,1,1,1,1,0.0
664,1.693957694619469,-0.12152547744017231,-0.4274677694288909,1,0,1,1,0.0
665,0.12142606258199874,-0.4187436774612866,-1.5888027304991719,1,0,1,0,0.5
666,-0.0930100690594743,-0.7159618774824008,0.73386719164139,0,0,0,0,0.5
667,-0.021531358512316825,-0.7159618774824008,0.73386719164139,1,1,1,1,1.0
668,-0.8077971745310515,0.07661998924057052,-0.4274677694288909,1,0,1,1,0.0
669,-1.5225842800026286,1.5627109893461417,-0.4274677694288909,0,1,1,1,0.0
670,1.0506492996950492,2.1571473893883706,0.73386719164139,1,0,1,1,0.0
671,0.049947352034841276,0.07661998924057052,-1.1242687460710596,1,1,0,0,0.5
672,0.049947352034841276,0.07661998924057052,-1.5888027304991719,1,1,1,0,0.5
673,-0.7363184639838941,0.5719836559424276,0.73386719164139,0,1,1,1,0.0
674,1.4080428524308377,1.0673473226442847,0.73386719164139,0,1,1,1,0.0
675,0.5502983258649454,4.534892989557284,0.73386719164139,1,0,1,1,0.0
676,0.12142606258199874,0.07661998924057052,0.73386719164139,0,0,1,0,0.5
677,-0.0930100690594743,-0.6168891441420293,0.73386719164139,1,0,1,0,0.5
678,0.049947352034841276,-0.6168891441420293,0.73386719164139,1,0,1,0,1.0
679,-2.5947649382099947,-0.4187436774612866,0.73386719164139,1,1,1,1,0.0
680,1.693957694619469,-0.12152547744017231,-0.4274677694288909,1,0,1,1,0.0
681,1.4080428524308377,1.0673473226442847,0.73386719164139,0,1,1,1,0.0
682,0.12142606258199874,0.07661998924057052,0.73386719164139,0,0,0,1,0.5
683,0.12142606258199874,0.07661998924057052,0.73386719164139,0,1,1,1,1.0
684,-0.0930100690594743,-0.6168891441420293,0.73386719164139,1,0,0,0,0.5
685,-1.3796268589083132,-0.6168891441420293,0.73386719164139,1,0,1,0,0.0
686,-2.5947649382099947,-0.4187436774612866,0.73386719164139,1,1,1,1,0.0
687,1.693957694619469,-0.12152547744017231,-0.4274677694288909,1,0,1,1,0.0
688,0.12142606258199874,-0.4187436774612866,-1.5888027304991719,1,0,1,0,0.5
689,-0.021531358512316825,0.07661998924057052,-0.4274677694288909,0,1,1,1,1.0
690,-0.0930100690594743,-0.8150346108227722,0.73386719164139,0,0,1,0,0.5
691,-1.5225842800026286,-0.6168891441420293,0.73386719164139,0,1,1,1,0.0
692,0.12142606258199874,0.07661998924057052,-1.5888027304991719,1,1,1,1,1.0
693,-0.0930100690594743,-0.9141073441631437,-1.3565357382851158,1,0,1,0,0.5
694,0.12142606258199874,-0.8150346108227722,0.26933320721327764,0,1,1,0,1.0
695,1.3365641418836802,2.553438322749856,-1.3565357382851158,0,0,0,0,0.0
696,0.12142606258199874,-1.0131800775035151,-2.750137691569453,0,0,0,1,0.5
697,-0.0930100690594743,-0.7159618774824008,-1.5888027304991719,0,0,0,0,0.5
698,-0.021531358512316825,-0.7159618774824008,0.73386719164139,1,0,1,0,1.0
699,0.12142606258199874,0.07661998924057052,-2.750137691569453,0,1,0,0,0.5
700,0.5502983258649454,2.058074656047999,0.73386719164139,0,0,0,0,0.0
701,0.12142606258199874,-0.3196709441209152,0.73386719164139,0,0,1,0,0.5
702,-0.0930100690594743,-0.6168891441420293,0.73386719164139,1,1,1,1,1.0
703,-0.021531358512316825,-0.6168891441420293,0.73386719164139,0,0,0,0,0.5
704,-2.5947649382099947,-0.4187436774612866,0.73386719164139,1,0,0,0,0.0
705,1.693957694619469,-0.12152547744017231,-0.8920017538570032,1,1,1,1,0.0
706,-0.0930100690594743,-0.6168891441420293,0.73386719164139,1,0,1,0,0.5
707,0.049947352034841276,-0.6168891441420293,0.73386719164139,1,0,1,0,1.0
708,-2.5947649382099947,-0.4187436774612866,0.73386719164139,1,1,1,1,0.0
709,-0.021531358512316825,-0.12152547744017231,-0.4274677694288909,1,0,1,1,1.0
710,1.4080428524308377,1.0673473226442847,0.73386719164139,0,1,1,1,0.0
711,0.12142606258199874,0.07661998924057052,0.73386719164139,0,0,0,1,0.5
712,0.12142606258199874,0.07661998924057052,0.73386719164139,0,1,1,1,1.0
713,-0.0930100690594743,-0.6168891441420293,0.73386719164139,1,0,0,0,0.5
714,-0.021531358512316825,-0.6168891441420293,0.73386719164139,1,0,1,0,1.0
715,-2.5947649382099947,-0.4187436774612866,0.73386719164139,1,1,1,1,0.0
716,1.693957694619469,-0.12152547744017231,-0.4274677694288909,1,0,1,1,0.0
717,0.12142606258199874,-0.4187436774612866,-1.5888027304991719,1,0,1,0,0.5
718,-0.021531358512316825,0.07661998924057052,-0.4274677694288909,0,0,0,1,0.5
719,-0.0930100690594743,-0.8150346108227722,0.73386719164139,0,0,1,0,0.5
720,0.12142606258199874,0.07661998924057052,0.73386719164139,0,1,1,1,1.0
721,-0.0930100690594743,-0.6168891441420293,0.73386719164139,1,0,0,0,0.5
722,-1.3796268589083132,-0.6168891441420293,0.73386719164139,1,0,1,0,0.0
723,-2.5947649382099947,-0.4187436774612866,0.73386719164139,1,1,1,1,0.0
724,1.693957694619469,-0.12152547744017231,-0.4274677694288909,1,0,1,1,0.0
725,0.12142606258199874,-0.4187436774612866,-1.5888027304991719,1,0,1,0,0.5
726,-0.021531358512316825,0.07661998924057052,-0.4274677694288909,0,1,1,1,1.0
727,-0.0930100690594743,-0.8150346108227722,0.73386719164139,0,0,1,0,0.5
728,-1.5225842800026286,-0.6168891441420293,0.73386719164139,0,1,1,1,0.0
729,0.12142606258199874,0.07661998924057052,-1.5888027304991719,1,1,1,1,1.0
730,-0.8077971745310515,0.07661998924057052,-0.4274677694288909,1,0,1,1,0.0
731,-1.5225842800026286,1.5627109893461417,-0.4274677694288909,0,1,1,1,0.0
732,1.0506492996950492,2.1571473893883706,0.73386719164139,1,0,1,1,0.0
733,0.049947352034841276,0.07661998924057052,-1.1242687460710596,1,1,0,0,0.5
734,0.049947352034841276,0.07661998924057052,-1.5888027304991719,1,1,1,0,0.5
735,-0.7363184639838941,0.5719836559424276,0.73386719164139,0,1,1,1,0.0
736,-0.021531358512316825,-0.9141073441631437,0.73386719164139,0,1,1,1,1.0
737,0.5502983258649454,4.534892989557284,0.73386719164139,1,0,1,1,0.0
738,0.12142606258199874,0.5719836559424276,0.73386719164139,0,0,1,0,0.0
739,-0.0930100690594743,-0.6168891441420293,0.73386719164139,1,0,1,0,0.5
740,0.049947352034841276,-0.3196709441209152,-1.1242687460710596,1,0,0,0,0.5
741,0.049947352034841276,0.5719836559424276,-1.5888027304991719,1,1,1,0,0.0
742,0.12142606258199874,0.07661998924057052,0.73386719164139,0,1,1,1,1.0
743,1.4080428524308377,1.0673473226442847,0.73386719164139,0,1,0,0,0.0
744,0.5502983258649454,2.058074656047999,0.73386719164139,0,0,0,0,0.0
745,0.12142606258199874,-0.3196709441209152,0.73386719164139,0,0,0,0,0.5
746,-0.0930100690594743,-0.6168891441420293,0.73386719164139,1,1,1,1,1.0
747,0.12142606258199874,-0.6168891441420293,0.73386719164139,0,0,0,0,0.5
748,-2.5947649382099947,-0.4187436774612866,0.73386719164139,1,0,0,0,0.0
749,1.693957694619469,-0.12152547744017231,-0.8920017538570032,1,1,1,1,0.0
750,0.12142606258199874,-0.4187436774612866,0.73386719164139,1,1,1,1,1.0
751,-0.021531358512316825,0.07661998924057052,-0.4274677694288909,0,0,0,1,0.5
752,-0.0930100690594743,-0.8150346108227722,-1.1242687460710596,0,0,0,0,0.5
753,-0.021531358512316825,-0.6168891441420293,0.73386719164139,0,0,0,0,0.5
754,0.12142606258199874,0.07661998924057052,-1.5888027304991719,1,1,1,0,1.0
755,2.051351247355257,-1.0131800775035151,0.73386719164139,1,1,0,1,0.0
756,-0.0930100690594743,-0.7159618774824008,0.73386719164139,0,0,0,0,0.5
757,-0.021531358512316825,-0.7159618774824008,0.73386719164139,1,1,1,1,1.0
758,-0.8077971745310515,0.07661998924057052,-0.4274677694288909,1,0,1,1,0.0
759,-1.5225842800026286,1.5627109893461417,-0.4274677694288909,0,1,1,1,0.0
760,1.0506492996950492,2.1571473893883706,0.73386719164139,1,0,1,1,0.0
761,0.049947352034841276,0.07661998924057052,-1.1242687460710596,1,1,0,0,0.5
762,0.049947352034841276,0.07661998924057052,-1.5888027304991719,1,1,1,0,0.5
763,-0.7363184639838941,0.5719836559424276,0.73386719164139,0,1,1,1,0.0
764,1.4080428524308377,1.0673473226442847,0.73386719164139,0,1,1,1,0.0
765,0.5502983258649454,4.534892989557284,0.73386719164139,1,0,1,1,0.0
766,0.12142606258199874,0.07661998924057052,0.73386719164139,0,0,1,0,0.5
767,-0.0930100690594743,-0.6168891441420293,0.73386719164139,1,0,1,0,0.5
768,0.049947352034841276,-0.6168891441420293,0.73386719164139,1,0,1,0,1.0
769,-2.5947649382099947,-0.4187436774612866,0.73386719164139,1,1,1,1,0.0
770,1.693957694619469,-0.12152547744017231,-0.4274677694288909,1,0,1,1,0.0
771,1.4080428524308377,1.0673473226442847,0.73386719164139,0,1,1,1,0.0
772,0.12142606258199874,0.07661998924057052,0.73386719164139,0,0,0,1,0.5
773,0.12142606258199874,0.07661998924057052,0.73386719164139,0,1,1,1,1.0
774,-0.0930100690594743,-0.6168891441420293,0.73386719164139,1,0,0,0,0.5
775,-1.3796268589083132,-0.6168891441420293,0.73386719164139,1,0,1,0,0.0
776,-2.5947649382099947,-0.4187436774612866,0.73386719164139,1,1,1,1,0.0
777,1.693957694619469,-0.12152547744017231,-0.4274677694288909,1,0,1,1,0.0
778,0.12142606258199874,-0.4187436774612866,-1.5888027304991719,1,0,1,0,0.5
779,-0.0930100690594743,-0.7159618774824008,0.73386719164139,0,0,0,0,0.5
780,-0.021531358512316825,-0.7159618774824008,0.73386719164139,1,1,1,1,1.0
781,-0.8077971745310515,0.07661998924057052,-0.4274677694288909,1,0,1,1,0.0
782,-1.5225842800026286,1.5627109893461417,-0.4274677694288909,0,1,1,1,0.0
783,1.0506492996950492,2.1571473893883706,0.73386719164139,1,0,1,1,0.0
784,0.049947352034841276,0.07661998924057052,-1.1242687460710596,1,1,0,0,0.5
785,0.049947352034841276,0.07661998924057052,-1.5888027304991719,1,1,1,0,0.5
786,-0.7363184639838941,0.5719836559424276,0.73386719164139,0,1,1,1,0.0
787,1.4080428524308377,1.0673473226442847,0.73386719164139,0,1,1,1,0.0
788,0.5502983258649454,4.534892989557284,0.73386719164139,1,0,1,1,0.0
789,0.12142606258199874,0.07661998924057052,0.73386719164139,0,0,1,0,0.5
790,-0.0930100690594743,-0.6168891441420293,0.73386719164139,1,0,1,0,0.5
791,0.049947352034841276,-0.6168891441420293,0.73386719164139,1,0,1,0,1.0
792,-2.5947649382099947,-0.4187436774612866,0.73386719164139,1,1,1,1,0.0
793,1.693957694619469,-0.12152547744017231,-0.4274677694288909,1,0,1,1,0.0
794,1.4080428524308377,1.0673473226442847,0.73386719164139,0,1,1,1,0.0
795,0.12142606258199874,0.07661998924057052,0.73386719164139,0,0,0,1,0.5
796,0.12142606258199874,0.07661998924057052,0.73386719164139,0,1,1,1,1.0
797,-0.0930100690594743,-0.6168891441420293,0.73386719164139,1,0,0,0,0.5
798,-1.3796268589083132,-0.6168891441420293,0.73386719164139,1,0,1,0,0.0
799,-2.5947649382099947,-0.4187436774612866,0.73386719164139,1,1,1,1,0.0
800,1.693957694619469,-0.12152547744017231,-0.4274677694288909,1,0,1,1,0.0
801,0.12142606258199874,-0.4187436774612866,-1.5888027304991719,1,0,1,0,0.5
802,-0.021531358512316825,0.07661998924057052,-0.4274677694288909,0,1,1,1,1.0
803,-0.0930100690594743,-0.8150346108227722,0.73386719164139,0,0,1,0,0.5
804,-1.5225842800026286,-0.6168891441420293,0.73386719164139,0,1,1,1,0.0
805,0.12142606258199874,0.07661998924057052,-1.5888027304991719,1,1,1,1,1.0
806,-0.0930100690594743,-0.9141073441631437,-1.3565357382851158,1,0,1,0,0.5
807,0.12142606258199874,-0.8150346108227722,0.26933320721327764,0,1,1,0,1.0
808,1.3365641418836802,2.553438322749856,-1.3565357382851158,0,0,0,0,0.0
809,0.12142606258199874,-1.0131800775035151,-2.750137691569453,0,0,0,1,0.5
810,-0.0930100690594743,-0.7159618774824008,-1.5888027304991719,0,0,0,0,0.5
811,-0.021531358512316825,-0.7159618774824008,0.73386719164139,1,0,1,0,1.0
812,0.12142606258199874,0.07661998924057052,-2.750137691569453,0,1,0,0,0.5
813,0.5502983258649454,2.058074656047999,0.73386719164139,0,0,0,0,0.0
814,0.12142606258199874,-0.3196709441209152,0.73386719164139,0,0,1,0,0.5
815,-0.0930100690594743,-0.6168891441420293,0.73386719164139,1,1,1,1,1.0
816,-0.021531358512316825,-0.6168891441420293,0.73386719164139,0,0,0,0,0.5
817,-2.5947649382099947,-0.4187436774612866,0.73386719164139,1,0,0,0,0.0
818,1.693957694619469,-0.12152547744017231,-0.8920017538570032,1,1,1,1,0.0
819,-0.0930100690594743,-0.6168891441420293,0.73386719164139,1,0,1,0,0.5
820,0.049947352034841276,-0.6168891441420293,0.73386719164139,1,0,1,0,1.0
821,-0.021531358512316825,-0.4187436774612866,0.73386719164139,0,0,0,0,0.5
822,-0.021531358512316825,-0.12152547744017231,-0.4274677694288909,1,0,1,1,1.0
823,1.4080428524308377,1.0673473226442847,0.73386719164139,0,1,1,1,0.0
824,0.12142606258199874,0.07661998924057052,0.73386719164139,0,0,0,1,0.5
825,0.12142606258199874,0.07661998924057052,0.73386719164139,0,1,1,1,1.0
826,-0.0930100690594743,-0.6168891441420293,0.73386719164139,1,0,0,0,0.5
827,-0.021531358512316825,-0.6168891441420293,0.73386719164139,1,0,1,0,1.0
828,-2.5947649382099947,-0.4187436774612866,0.73386719164139,1,1,1,1,0.0
829,1.693957694619469,-0.12152547744017231,-0.4274677694288909,1,0,1,1,0.0
830,0.12142606258199874,-0.4187436774612866,-1.5888027304991719,1,0,1,0,0.5
831,-0.021531358512316825,0.07661998924057052,-0.4274677694288909,0,1,1,1,1.0
832,-0.0930100690594743,-0.8150346108227722,0.73386719164139,0,0,1,0,0.5
833,0.12142606258199874,0.07661998924057052,0.73386719164139,0,1,1,1,1.0
834,-0.0930100690594743,-0.6168891441420293,0.73386719164139,1,0,0,0,0.5
835,-1.3796268589083132,-0.6168891441420293,0.73386719164139,1,0,1,0,0.0
836,-2.5947649382099947,-0.4187436774612866,0.73386719164139,1,1,1,1,0.0
837,1.693957694619469,-0.12152547744017231,-0.4274677694288909,1,0,1,1,0.0
838,0.12142606258199874,-0.4187436774612866,-1.5888027304991719,1,0,1,0,0.5
839,-0.021531358512316825,0.07661998924057052,-0.4274677694288909,0,1,1,1,1.0
840,-0.0930100690594743,-0.8150346108227722,0.73386719164139,0,0,1,0,0.5
841,-1.5225842800026286,-0.6168891441420293,0.73386719164139,0,1,1,1,0.0
842,0.12142606258199874,0.07661998924057052,-1.5888027304991719,1,1,1,1,1.0
843,-0.0930100690594743,-0.9141073441631437,-1.3565357382851158,1,0,1,0,0.5
844,0.12142606258199874,-0.8150346108227722,0.26933320721327764,0,1,1,0,1.0
845,1.3365641418836802,2.553438322749856,-1.3565357382851158,0,0,0,0,0.0
846,0.12142606258199874,-1.0131800775035151,-2.750137691569453,0,0,0,1,0.5
847,-0.0930100690594743,-0.7159618774824008,-1.5888027304991719,0,1,1,1,0.0
848,-0.021531358512316825,-0.7159618774824008,0.73386719164139,1,0,1,0,1.0
849,0.12142606258199874,0.07661998924057052,-2.750137691569453,0,1,0,0,0.5
850,0.5502983258649454,2.058074656047999,0.73386719164139,0,0,0,0,0.0
851,0.12142606258199874,-0.3196709441209152,0.73386719164139,0,0,1,0,0.5
852,-0.0930100690594743,-0.6168891441420293,0.73386719164139,1,1,1,1,1.0
853,-0.021531358512316825,-0.6168891441420293,0.73386719164139,0,0,0,0,0.5
854,-2.5947649382099947,-0.4187436774612866,0.73386719164139,1,0,0,0,0.0
855,1.693957694619469,-0.12152547744017231,-0.8920017538570032,1,1,1,1,0.0
856,0.12142606258199874,-0.4187436774612866,0.73386719164139,1,1,1,1,1.0
857,-0.021531358512316825,0.5719836559424276,-0.4274677694288909,0,0,0,1,0.0
858,-0.0930100690594743,-0.8150346108227722,-1.1242687460710596,0,0,0,0,0.5
859,-0.021531358512316825,0.5719836559424276,0.73386719164139,0,0,0,0,0.0
860,0.12142606258199874,0.07661998924057052,-1.5888027304991719,1,1,1,0,1.0
861,-0.021531358512316825,-0.4187436774612866,0.73386719164139,1,0,0,0,0.5
862,1.693957694619469,-0.12152547744017231,-0.8920017538570032,1,1,1,1,0.0
863,0.12142606258199874,-0.4187436774612866,0.73386719164139,1,1,1,1,1.0
864,-0.021531358512316825,0.5719836559424276,-0.4274677694288909,0,0,0,1,0.0
865,-0.0930100690594743,-0.8150346108227722,-1.1242687460710596,0,0,0,0,0.5
866,-0.021531358512316825,-0.6168891441420293,0.73386719164139,0,0,0,0,0.5
867,0.12142606258199874,0.07661998924057052,-1.5888027304991719,1,1,1,0,1.0
868,2.051351247355257,-1.0131800775035151,0.73386719164139,1,1,0,1,0.0
869,-0.0930100690594743,-0.7159618774824008,0.73386719164139,0,0,0,0,0.5
870,-0.021531358512316825,-0.7159618774824008,0.73386719164139,1,1,1,1,1.0
871,-0.8077971745310515,0.07661998924057052,-0.4274677694288909,1,0,1,1,0.0
872,-0.0930100690594743,-0.4187436774612866,-0.4274677694288909,1,0,0,0,0.5
873,1.0506492996950492,2.1571473893883706,0.73386719164139,1,0,1,1,0.0
874,0.049947352034841276,0.07661998924057052,-1.1242687460710596,1,1,0,0,0.5
875,0.049947352034841276,-0.6168891441420293,0.73386719164139,1,0,1,0,1.0
876,-2.5947649382099947,-0.4187436774612866,0.73386719164139,1,1,1,1,0.0
877,0.12142606258199874,-0.12152547744017231,-0.4274677694288909,1,0,1,0,1.0
878,1.4080428524308377,1.0673473226442847,0.73386719164139,0,1,1,1,0.0
879,0.12142606258199874,1.0673473226442847,0.73386719164139,0,0,0,1,0.0
880,0.12142606258199874,0.07661998924057052,0.73386719164139,0,1,1,1,1.0
881,-0.0930100690594743,-0.6168891441420293,0.73386719164139,1,0,0,0,0.5
882,-1.3796268589083132,-0.6168891441420293,0.73386719164139,1,0,1,0,0.0
883,-0.021531358512316825,-0.4187436774612866,0.73386719164139,1,1,1,1,1.0
884,1.693957694619469,-0.12152547744017231,-0.4274677694288909,1,0,1,1,0.0
885,0.12142606258199874,-0.4187436774612866,-1.5888027304991719,1,0,1,0,0.5
886,-0.021531358512316825,0.07661998924057052,-0.4274677694288909,0,1,1,1,1.0
887,-0.0930100690594743,-0.8150346108227722,0.73386719164139,0,0,1,0,0.5
888,-1.5225842800026286,-0.6168891441420293,0.73386719164139,0,1,1,1,0.0
889,0.12142606258199874,0.07661998924057052,-1.5888027304991719,1,1,1,1,1.0
890,-0.0930100690594743,0.5719836559424276,-1.3565357382851158,1,0,1,0,0.0
891,-0.021531358512316825,-0.7159618774824008,0.73386719164139,1,0,1,0,1.0
892,0.12142606258199874,0.07661998924057052,-2.750137691569453,0,1,0,0,0.5
893,0.5502983258649454,2.058074656047999,0.73386719164139,0,0,0,0,0.0
894,0.12142606258199874,-0.3196709441209152,0.73386719164139,0,0,1,0,0.5
895,-0.0930100690594743,-0.6168891441420293,0.73386719164139,1,1,1,1,1.0
896,-0.021531358512316825,-0.6168891441420293,0.73386719164139,0,0,0,0,0.5
897,0.049947352034841276,-0.6168891441420293,0.73386719164139,1,0,1,0,1.0
898,-2.5947649382099947,-0.4187436774612866,0.73386719164139,1,1,1,1,0.0
899,-0.021531358512316825,-0.12152547744017231,-0.4274677694288909,0,0,1,0,0.5
900,1.4080428524308377,1.0673473226442847,0.73386719164139,0,1,1,1,0.0
901,0.12142606258199874,0.07661998924057052,0.73386719164139,0,0,0,1,0.5
902,0.12142606258199874,0.07661998924057052,0.73386719164139,0,1,1,1,1.0
903,-0.0930100690594743,-0.6168891441420293,0.73386719164139,1,0,0,0,0.5
904,-1.3796268589083132,-0.6168891441420293,0.73386719164139,1,0,1,0,0.0
905,-2.5947649382099947,-0.4187436774612866,0.73386719164139,1,1,1,1,0.0
906,1.693957694619469,-0.12152547744017231,-0.4274677694288909,1,0,1,1,0.0
907,0.12142606258199874,-0.4187436774612866,-1.5888027304991719,1,0,1,0,0.5
908,-0.0930100690594743,-0.7159618774824008,0.73386719164139,0,0,0,0,0.5
909,-0.021531358512316825,-0.7159618774824008,0.73386719164139,1,1,1,1,1.0
910,-0.8077971745310515,0.07661998924057052,-0.4274677694288909,1,0,1,1,0.0
911,-0.0930100690594743,-0.4187436774612866,-0.4274677694288909,0,0,1,0,0.5
912,1.0506492996950492,2.1571473893883706,0.73386719164139,1,0,1,1,0.0
913,0.049947352034841276,0.07661998924057052,-1.1242687460710596,1,1,0,0,0.5
914,0.049947352034841276,0.07661998924057052,-1.5888027304991719,1,1,1,0,0.5
915,-0.7363184639838941,0.5719836559424276,0.73386719164139,0,1,1,1,0.0
916,1.4080428524308377,1.0673473226442847,0.73386719164139,0,1,1,1,0.0
917,0.049947352034841276,-0.3196709441209152,-1.1242687460710596,1,0,0,0,0.5
918,0.049947352034841276,0.5719836559424276,-1.5888027304991719,1,1,1,0,0.0
919,0.12142606258199874,0.07661998924057052,0.73386719164139,0,1,1,1,1.0
920,1.4080428524308377,1.0673473226442847,0.73386719164139,0,1,0,0,0.0
921,0.5502983258649454,2.058074656047999,0.73386719164139,0,0,0,0,0.0
922,0.12142606258199874,-0.3196709441209152,0.73386719164139,0,0,0,0,0.5
923,-0.0930100690594743,-0.6168891441420293,0.73386719164139,1,1,1,1,1.0
924,0.12142606258199874,-0.6168891441420293,0.73386719164139,0,0,0,0,0.5
925,-2.5947649382099947,-0.4187436774612866,0.73386719164139,1,0,0,0,0.0
926,1.693957694619469,-0.12152547744017231,-0.8920017538570032,1,1,1,1,0.0
927,0.12142606258199874,-0.4187436774612866,0.73386719164139,1,1,1,1,1.0
928,-0.021531358512316825,0.07661998924057052,-0.4274677694288909,0,0,0,1,0.5
929,-0.0930100690594743,-0.8150346108227722,-1.1242687460710596,0,0,0,0,0.5
930,-0.021531358512316825,-0.6168891441420293,0.73386719164139,0,1,1,1,1.0
931,0.12142606258199874,0.07661998924057052,-1.5888027304991719,1,1,1,0,1.0
932,2.051351247355257,-1.0131800775035151,0.73386719164139,1,1,0,1,0.0
933,-0.0930100690594743,-0.7159618774824008,0.73386719164139,0,0,0,0,0.5
934,-0.021531358512316825,-0.7159618774824008,0.73386719164139,1,1,1,1,1.0
935,-0.8077971745310515,0.07661998924057052,-0.4274677694288909,1,0,1,1,0.0
936,-1.5225842800026286,1.5627109893461417,-0.4274677694288909,0,1,1,1,0.0
937,1.0506492996950492,2.1571473893883706,0.73386719164139,1,0,1,1,0.0
938,0.049947352034841276,0.07661998924057052,-1.1242687460710596,1,1,0,0,0.5
939,0.049947352034841276,0.07661998924057052,-1.5888027304991719,1,1,1,0,0.5
940,-0.7363184639838941,0.5719836559424276,0.73386719164139,0,1,1,1,0.0
941,1.4080428524308377,1.0673473226442847,0.73386719164139,0,1,1,1,0.0
942,-0.021531358512316825,0.07661998924057052,0.73386719164139,1,0,0,1,0.5
943,1.693957694619469,-0.12152547744017231,-0.4274677694288909,1,0,1,1,0.0
944,0.12142606258199874,-0.4187436774612866,-1.5888027304991719,1,0,1,0,0.5
945,-0.021531358512316825,0.07661998924057052,-0.4274677694288909,0,1,1,1,1.0
946,-0.0930100690594743,-0.8150346108227722,0.73386719164139,0,0,1,0,0.5
947,-1.5225842800026286,-0.6168891441420293,0.73386719164139,0,1,1,1,0.0
948,0.12142606258199874,0.07661998924057052,-1.5888027304991719,1,1,1,1,1.0
949,-0.0930100690594743,-0.9141073441631437,-1.3565357382851158,1,0,1,0,0.5
950,0.12142606258199874,-0.8150346108227722,0.26933320721327764,0,1,1,0,1.0
951,1.3365641418836802,2.553438322749856,-1.3565357382851158,0,0,0,0,0.0
952,0.12142606258199874,-1.0131800775035151,-2.750137691569453,0,0,0,1,0.5
953,-0.0930100690594743,-0.7159618774824008,-1.5888027304991719,0,0,0,0,0.5
954,-0.021531358512316825,-0.7159618774824008,0.73386719164139,1,0,1,0,1.0
955,0.12142606258199874,0.07661998924057052,-2.750137691569453,0,1,0,0,0.5
956,0.5502983258649454,2.058074656047999,0.73386719164139,0,0,0,0,0.0
957,0.12142606258199874,-0.3196709441209152,0.73386719164139,1,1,1,0,1.0
958,-0.0930100690594743,-0.6168891441420293,0.73386719164139,1,1,1,1,1.0
959,-0.021531358512316825,-0.6168891441420293,0.73386719164139,0,0,0,0,0.5
960,-2.5947649382099947,-0.4187436774612866,0.73386719164139,1,0,0,0,0.0
961,1.693957694619469,-0.12152547744017231,-0.8920017538570032,1,1,1,1,0.0
962,-0.0930100690594743,-0.6168891441420293,0.73386719164139,1,0,1,0,0.5
963,0.049947352034841276,-0.6168891441420293,0.73386719164139,1,0,1,0,1.0
964,-2.5947649382099947,-0.4187436774612866,0.73386719164139,1,1,1,1,0.0
965,-0.021531358512316825,-0.12152547744017231,-0.4274677694288909,1,0,1,1,1.0
966,1.4080428524308377,1.0673473226442847,0.73386719164139,0,1,1,1,0.0
967,-0.0930100690594743,-0.4187436774612866,-0.4274677694288909,1,0,0,0,0.5
968,1.0506492996950492,2.1571473893883706,0.73386719164139,1,0,1,1,0.0
969,0.049947352034841276,0.07661998924057052,-1.1242687460710596,1,1,0,0,0.5
970,0.049947352034841276,-0.6168891441420293,0.73386719164139,1,0,1,0,1.0
971,-2.5947649382099947,-0.4187436774612866,0.73386719164139,1,1,1,1,0.0
972,0.12142606258199874,-0.12152547744017231,-0.4274677694288909,1,0,1,0,1.0
973,1.4080428524308377,1.0673473226442847,0.73386719164139,0,1,1,1,0.0
974,0.12142606258199874,1.0673473226442847,0.73386719164139,0,0,0,1,0.0
975,0.12142606258199874,0.07661998924057052,0.73386719164139,0,1,1,1,1.0
976,-0.0930100690594743,-0.6168891441420293,0.73386719164139,1,0,0,0,0.5
977,-1.3796268589083132,-0.6168891441420293,0.73386719164139,1,0,1,0,0.0
978,-2.5947649382099947,-0.4187436774612866,0.73386719164139,1,1,1,1,0.0
979,1.693957694619469,-0.12152547744017231,-0.4274677694288909,1,0,1,1,0.0
980,0.12142606258199874,-0.4187436774612866,-1.5888027304991719,1,0,1,0,0.5
981,-0.021531358512316825,0.07661998924057052,-0.4274677694288909,0,1,1,1,1.0
982,-0.0930100690594743,-0.8150346108227722,0.73386719164139,0,0,1,0,0.5
983,-1.5225842800026286,-0.6168891441420293,0.73386719164139,0,1,1,1,0.0
984,0.12142606258199874,0.07661998924057052,-1.5888027304991719,1,1,1,1,1.0
985,-0.0930100690594743,0.07661998924057052,-1.3565357382851158,1,0,0,0,0.5
986,0.12142606258199874,-0.8150346108227722,0.26933320721327764,0,1,1,0,1.0
987,1.3365641418836802,2.553438322749856,-1.3565357382851158,0,0,0,0,0.0
988,0.12142606258199874,-1.0131800775035151,-2.750137691569453,0,0,0,1,0.5
989,-0.0930100690594743,-0.7159618774824008,-1.5888027304991719,0,0,0,0,0.5
990,-0.021531358512316825,-0.7159618774824008,0.73386719164139,1,0,1,0,1.0
991,0.12142606258199874,0.07661998924057052,-2.750137691569453,0,1,0,0,0.5
992,0.5502983258649454,2.058074656047999,0.73386719164139,0,0,0,0,0.0
993,0.12142606258199874,-0.3196709441209152,0.73386719164139,0,0,1,0,0.5
994,-0.0930100690594743,-0.6168891441420293,0.73386719164139,1,1,1,1,1.0
995,-0.021531358512316825,-0.6168891441420293,0.73386719164139,0,0,0,0,0.5
996,0.049947352034841276,-0.6168891441420293,0.73386719164139,1,0,1,0,1.0
997,-2.5947649382099947,-0.4187436774612866,0.73386719164139,1,1,1,1,0.0
998,-0.021531358512316825,-0.12152547744017231,-0.4274677694288909,0,0,0,1,0.5
999,1.4080428524308377,1.0673473226442847,0.73386719164139,0,1,1,1,0.0
1000,0.12142606258199874,0.07661998924057052,0.73386719164139,0,0,0,1,0.5
1001,0.12142606258199874,0.07661998924057052,0.73386719164139,0,1,1,1,1.0
1002,-0.0930100690594743,-0.6168891441420293,0.73386719164139,1,0,0,0,0.5
1003,-1.3796268589083132,-0.6168891441420293,0.73386719164139,1,0,1,0,0.0
1004,-2.5947649382099947,-0.4187436774612866,0.73386719164139,1,1,1,1,0.0
1005,1.693957694619469,-0.12152547744017231,-0.4274677694288909,1,0,1,1,0.0
1006,0.12142606258199874,-0.4187436774612866,-1.5888027304991719,1,0,1,0,0.5
1007,-0.0930100690594743,-0.7159618774824008,0.73386719164139,0,0,0,0,0.5
1008,-2.5947649382099947,-0.4187436774612866,0.73386719164139,1,1,1,1,0.0
1009,1.693957694619469,-0.12152547744017231,-0.4274677694288909,1,0,1,1,0.0
1010,0.12142606258199874,-0.4187436774612866,-1.5888027304991719,1,0,1,0,0.5
1011,-0.021531358512316825,0.07661998924057052,-0.4274677694288909,0,1,1,1,1.0
1012,-0.0930100690594743,-0.8150346108227722,0.73386719164139,0,0,1,0,0.5
1013,0.12142606258199874,0.07661998924057052,0.73386719164139,0,1,1,1,1.0
1014,-0.0930100690594743,-0.6168891441420293,0.73386719164139,1,0,0,0,0.5
1015,-1.3796268589083132,-0.6168891441420293,0.73386719164139,1,0,1,0,0.0
1016,-2.5947649382099947,-0.4187436774612866,0.73386719164139,1,1,1,1,0.0
1017,1.693957694619469,-0.12152547744017231,-0.4274677694288909,1,0,1,1,0.0
1018,0.12142606258199874,-0.4187436774612866,-1.5888027304991719,1,0,1,0,0.5
1019,-0.021531358512316825,0.07661998924057052,-0.4274677694288909,0,1,1,1,1.0
1020,-0.0930100690594743,-0.8150346108227722,0.73386719164139,0,0,1,0,0.5
1021,-1.5225842800026286,-0.6168891441420293,0.73386719164139,0,1,1,1,0.0
1022,0.12142606258199874,0.07661998924057052,-1.5888027304991719,1,1,1,1,1.0
1023,-0.0930100690594743,-0.9141073441631437,-1.3565357382851158,1,0,1,0,0.5
1024,0.12142606258199874,-0.8150346108227722,0.26933320721327764,0,1,1,0,1.0
1025,1.3365641418836802,2.553438322749856,-1.3565357382851158,0,0,0,0,0.0
1026,0.12142606258199874,-1.0131800775035151,-2.750137691569453,0,0,0,1,0.5
1027,-0.0930100690594743,-0.7159618774824008,-1.5888027304991719,0,1,1,1,0.0
1028,-0.021531358512316825,-0.7159618774824008,0.73386719164139,1,0,1,0,1.0
1029,0.12142606258199874,0.07661998924057052,-2.750137691569453,0,1,0,0,0.5
1030,0.5502983258649454,2.058074656047999,0.73386719164139,0,0,0,0,0.0
1031,0.12142606258199874,-0.3196709441209152,0.73386719164139,0,0,1,0,0.5
1032,-0.0930100690594743,-0.6168891441420293,0.73386719164139,1,1,1,1,1.0
1033,-0.021531358512316825,-0.6168891441420293,0.73386719164139,0,0,0,0,0.5
1034,-2.5947649382099947,-0.4187436774612866,0.73386719164139,1,0,0,0,0.0
1035,1.693957694619469,-0.12152547744017231,-0.8920017538570032,1,1,1,1,0.0
1036,0.12142606258199874,-0.4187436774612866,0.73386719164139,1,1,1,1,1.0
1037,-0.021531358512316825,0.5719836559424276,-0.4274677694288909,0,0,0,1,0.0
1038,-0.0930100690594743,-0.8150346108227722,-1.1242687460710596,0,0,0,0,0.5
1039,-0.021531358512316825,0.5719836559424276,0.73386719164139,0,0,0,0,0.0
1040,0.12142606258199874,0.07661998924057052,-1.5888027304991719,1,1,1,0,1.0
1041,-0.021531358512316825,-0.4187436774612866,0.73386719164139,1,0,0,0,0.5
1042,1.693957694619469,-0.12152547744017231,-0.8920017538570032,1,1,1,1,0.0
1043,0.12142606258199874,-0.4187436774612866,0.73386719164139,1,1,1,1,1.0
1044,-0.021531358512316825,0.5719836559424276,-0.4274677694288909,0,0,0,1,0.0
1045,-0.0930100690594743,-0.8150346108227722,-1.1242687460710596,0,0,0,0,0.5
1046,-0.021531358512316825,-0.6168891441420293,0.73386719164139,0,0,0,0,0.5
1047,0.12142606258199874,0.07661998924057052,-1.5888027304991719,1,1,1,0,1.0
1048,2.051351247355257,-1.0131800775035151,0.73386719164139,1,1,0,1,0.0
1049,-0.0930100690594743,-0.7159618774824008,0.73386719164139,0,0,0,0,0.5
1050,-0.021531358512316825,-0.7159618774824008,0.73386719164139,1,1,1,1,1.0
1051,-0.8077971745310515,0.07661998924057052,-0.4274677694288909,1,0,1,1,0.0
1052,-0.0930100690594743,-0.4187436774612866,-0.4274677694288909,1,0,0,0,0.5
1053,1.0506492996950492,2.1571473893883706,0.73386719164139,1,0,1,1,0.0
1054,0.049947352034841276,0.07661998924057052,-1.1242687460710596,1,1,0,0,0.5
1055,0.049947352034841276,-0.6168891441420293,0.73386719164139,1,0,1,0,1.0
1056,-2.5947649382099947,-0.4187436774612866,0.73386719164139,1,1,1,1,0.0
1057,0.12142606258199874,-0.12152547744017231,-0.4274677694288909,1,0,1,0,1.0
1058,1.4080428524308377,1.0673473226442847,0.73386719164139,0,1,1,1,0.0
